example_id,system,human_fluency,human_adequacy,human_overall,gold_preference,llm_direct_score,rubric_overall,rubric_fluency,rubric_adequacy,rubric_terminology,challenge_category,source_en,output_system_a,output_system_b,reference_hi,translation,trans_length,src_length,bleu
ex_001,A,4.3333,4.0,4.1667,B,4,4.5,4,5,5,ambiguous,"The original population hasn't changed at all, they still need the same adaptations as before.","मूल आबादी बिलकुल भी नहीं बदली है, वे अब भी पहले के समान अनुकूलन की आवश्यकता रखते हैं।","मूल जनसंख्या बिल्कुल भी नहीं बदली है, उन्हें अभी भी पहले जैसी ही अनुकूलन की आवश्यकता है।","मूल आबादी में किसी तरह का बदलाव नहीं हुआ है, अभी भी वह पहले की तरह ही अनुकूलता चाहते हैं.","मूल आबादी बिलकुल भी नहीं बदली है, वे अब भी पहले के समान अनुकूलन की आवश्यकता रखते हैं।",18,15,5.8148154201506905
ex_001,B,5.0,5.0,5.0,B,4,4.25,4,5,4,ambiguous,"The original population hasn't changed at all, they still need the same adaptations as before.","मूल आबादी बिलकुल भी नहीं बदली है, वे अब भी पहले के समान अनुकूलन की आवश्यकता रखते हैं।","मूल जनसंख्या बिल्कुल भी नहीं बदली है, उन्हें अभी भी पहले जैसी ही अनुकूलन की आवश्यकता है।","मूल आबादी में किसी तरह का बदलाव नहीं हुआ है, अभी भी वह पहले की तरह ही अनुकूलता चाहते हैं.","मूल जनसंख्या बिल्कुल भी नहीं बदली है, उन्हें अभी भी पहले जैसी ही अनुकूलन की आवश्यकता है।",17,15,5.957342613898561
ex_002,A,3.3333,4.0,3.6667,A,3,3.25,3,4,3,ambiguous,"Her first was the Slalom, where she earned a Did Not Finish in her first run. 36 of the 116 competitors had the same result in that race.","उसकी पहली दौड़ स्लैलम थी, जहां उसने अपनी पहली दौड़ में डिड नॉट फिनिश कर लिया। 116 प्रतियोगियों में से 36 प्रतियोगियों का उस दौड़ में यही परिणाम रहा।","उसका पहला कार्यक्रम स्लालम था, जहाँ उसने अपनी पहली दौड़ में समाप्त नहीं हुआ। 116 प्रतियोगियों में से 36 ने उसी दौड़ में वही परिणाम प्राप्त किया।","उसका पहला स्लैलम था, जहाँ उसने अपने पहले चक्र मे दौड़ को पूरा ना कर सका ।इस दौड़ में 116 प्रतियोगियों में से 36 खिलाड़ियों ने एक ही स्थान प्राप्त किया ।","उसकी पहली दौड़ स्लैलम थी, जहां उसने अपनी पहली दौड़ में डिड नॉट फिनिश कर लिया। 116 प्रतियोगियों में से 36 प्रतियोगियों का उस दौड़ में यही परिणाम रहा।",29,28,12.505846686402121
ex_002,B,2.3333,3.0,2.6667,A,2,3.5,3,4,4,ambiguous,"Her first was the Slalom, where she earned a Did Not Finish in her first run. 36 of the 116 competitors had the same result in that race.","उसकी पहली दौड़ स्लैलम थी, जहां उसने अपनी पहली दौड़ में डिड नॉट फिनिश कर लिया। 116 प्रतियोगियों में से 36 प्रतियोगियों का उस दौड़ में यही परिणाम रहा।","उसका पहला कार्यक्रम स्लालम था, जहाँ उसने अपनी पहली दौड़ में समाप्त नहीं हुआ। 116 प्रतियोगियों में से 36 ने उसी दौड़ में वही परिणाम प्राप्त किया।","उसका पहला स्लैलम था, जहाँ उसने अपने पहले चक्र मे दौड़ को पूरा ना कर सका ।इस दौड़ में 116 प्रतियोगियों में से 36 खिलाड़ियों ने एक ही स्थान प्राप्त किया ।","उसका पहला कार्यक्रम स्लालम था, जहाँ उसने अपनी पहली दौड़ में समाप्त नहीं हुआ। 116 प्रतियोगियों में से 36 ने उसी दौड़ में वही परिणाम प्राप्त किया।",27,28,20.226276800138898
ex_003,A,3.0,4.0,3.5,B,4,4.5,4,5,5,ambiguous,"A person working in a garage near where the accident occurred said: ""There were children waiting to cross the road and they were all screaming and crying.""","एक ऐसे गैराज में काम करने वाले व्यक्ति ने कहा जहां दुर्घटना हुई थी, ""वहां रास्ता पार करने के लिए बच्चे इंतजार कर रहे थे और वे सभी चिल्ला रहे और रो रहे थे।""","एक व्यक्ति, जो दुर्घटना के पास के एक गेराज में काम कर रहा था, ने कहा: “सड़क पार करने के लिए बच्चे इंतजार कर रहे थे और वे सब चिल्ला रहे थे और रो रहे थे।”","दुर्घटना की जगह के पास गैरेज में काम कर रहे व्यक्ति ने बताया: “वहाँ सड़क पार करने का इंतज़ार कर रहे बच्चे थे, वे सब चिल्ला रहे थे और रो रहे थे.”","एक ऐसे गैराज में काम करने वाले व्यक्ति ने कहा जहां दुर्घटना हुई थी, ""वहां रास्ता पार करने के लिए बच्चे इंतजार कर रहे थे और वे सभी चिल्ला रहे और रो रहे थे।""",34,27,10.191455934807397
ex_003,B,4.6667,4.6667,4.6667,B,4,4.5,4,5,5,ambiguous,"A person working in a garage near where the accident occurred said: ""There were children waiting to cross the road and they were all screaming and crying.""","एक ऐसे गैराज में काम करने वाले व्यक्ति ने कहा जहां दुर्घटना हुई थी, ""वहां रास्ता पार करने के लिए बच्चे इंतजार कर रहे थे और वे सभी चिल्ला रहे और रो रहे थे।""","एक व्यक्ति, जो दुर्घटना के पास के एक गेराज में काम कर रहा था, ने कहा: “सड़क पार करने के लिए बच्चे इंतजार कर रहे थे और वे सब चिल्ला रहे थे और रो रहे थे।”","दुर्घटना की जगह के पास गैरेज में काम कर रहे व्यक्ति ने बताया: “वहाँ सड़क पार करने का इंतज़ार कर रहे बच्चे थे, वे सब चिल्ला रहे थे और रो रहे थे.”","एक व्यक्ति, जो दुर्घटना के पास के एक गेराज में काम कर रहा था, ने कहा: “सड़क पार करने के लिए बच्चे इंतजार कर रहे थे और वे सब चिल्ला रहे थे और रो रहे थे।”",36,27,27.272035432845083
ex_004,A,3.6667,4.0,3.8333,B,3,3.0,3,4,2,ambiguous,"Despite leaving the show in 1993 he kept the title of executive producer, and continued to receive tens of millions of dollars every season in royalties.","1993 में शो छोड़ने के बाद भी उन्होंने नियोजन निर्माता के शीर्षक को बरकरार रखा, और प्रत्येक सीज़न में लाखों डॉलर के रूप में अधिकार शुल्क प्राप्त करते रहे।","1993 में शो छोड़ने के बावजूद, उसने कार्यकारी निर्माता का पद बनाए रखा और हर सीजन में रॉयल्टी के रूप में दर्जनों मिलियन डॉलर प्राप्त करना जारी रखा।",1993 में शो छोड़ने के बाद भी वे एग्जीक्यूटिव प्रोड्यूसर के पद पर बने रहे और हर सीज़न में लाखों-करोड़ों डॉलर की रॉयल्टी लेते रहे.,"1993 में शो छोड़ने के बाद भी उन्होंने नियोजन निर्माता के शीर्षक को बरकरार रखा, और प्रत्येक सीज़न में लाखों डॉलर के रूप में अधिकार शुल्क प्राप्त करते रहे।",29,26,8.830895300928166
ex_004,B,4.0,4.0,4.0,B,4,4.25,4,5,4,ambiguous,"Despite leaving the show in 1993 he kept the title of executive producer, and continued to receive tens of millions of dollars every season in royalties.","1993 में शो छोड़ने के बाद भी उन्होंने नियोजन निर्माता के शीर्षक को बरकरार रखा, और प्रत्येक सीज़न में लाखों डॉलर के रूप में अधिकार शुल्क प्राप्त करते रहे।","1993 में शो छोड़ने के बावजूद, उसने कार्यकारी निर्माता का पद बनाए रखा और हर सीजन में रॉयल्टी के रूप में दर्जनों मिलियन डॉलर प्राप्त करना जारी रखा।",1993 में शो छोड़ने के बाद भी वे एग्जीक्यूटिव प्रोड्यूसर के पद पर बने रहे और हर सीज़न में लाखों-करोड़ों डॉलर की रॉयल्टी लेते रहे.,"1993 में शो छोड़ने के बावजूद, उसने कार्यकारी निर्माता का पद बनाए रखा और हर सीजन में रॉयल्टी के रूप में दर्जनों मिलियन डॉलर प्राप्त करना जारी रखा।",28,26,7.334959170370916
ex_005,A,3.3333,4.3333,3.8333,Tie,4,4.75,5,5,5,ambiguous,"On some routes, the larger companies have their own planes, but for other routes and smaller firms there was a problem.","कुछ मार्गों पर, बड़ी कंपनियों के पास अपने विमान हैं, लेकिन अन्य मार्गों और छोटी कंपनियों के लिए एक समस्या थी।","कुछ मार्गों पर, बड़ी कंपनियों के अपने विमान हैं, परंतु अन्य मार्गों और छोटी कंपनियों के लिए एक समस्या थी।","चुनिंदा रूट पर, बड़ी कंपनियों के खुद के विमान हैं, लेकिन अन्य रूट पर और छोटी फ़र्म के लिए यह एक समस्या है.","कुछ मार्गों पर, बड़ी कंपनियों के पास अपने विमान हैं, लेकिन अन्य मार्गों और छोटी कंपनियों के लिए एक समस्या थी।",21,21,32.95595637061386
ex_005,B,3.6667,4.0,3.8333,Tie,4,5.0,5,5,5,ambiguous,"On some routes, the larger companies have their own planes, but for other routes and smaller firms there was a problem.","कुछ मार्गों पर, बड़ी कंपनियों के पास अपने विमान हैं, लेकिन अन्य मार्गों और छोटी कंपनियों के लिए एक समस्या थी।","कुछ मार्गों पर, बड़ी कंपनियों के अपने विमान हैं, परंतु अन्य मार्गों और छोटी कंपनियों के लिए एक समस्या थी।","चुनिंदा रूट पर, बड़ी कंपनियों के खुद के विमान हैं, लेकिन अन्य रूट पर और छोटी फ़र्म के लिए यह एक समस्या है.","कुछ मार्गों पर, बड़ी कंपनियों के अपने विमान हैं, परंतु अन्य मार्गों और छोटी कंपनियों के लिए एक समस्या थी।",20,21,23.35000149752957
ex_006,A,3.6667,4.0,3.8333,A,4,4.5,4,5,5,ambiguous,It also attacked anything that entered the water; even a giant dinosaur such as T. rex would be no match for it.,यह जल में प्रवेश करने वाली हर चीज पर हमला करता था; एक भारी डायनासोर जैसा कि टी.रेक्स भी इसका मुकाबला नहीं कर सकता था।,यह पानी में प्रवेश करने वाली किसी भी चीज़ पर हमला करता था; ट. रेक्स जैसे विशाल डायनासोर भी इसके समक्ष अक्षम होते।,"ये पानी में जाने वाली किसी भी चीज़ पर भी हमला किया करते थे, यहाँ तक कि टी. रेक्स जैसे विशालकाय डायनासोर का भी कोई मुकाबला नहीं होगा.",यह जल में प्रवेश करने वाली हर चीज पर हमला करता था; एक भारी डायनासोर जैसा कि टी.रेक्स भी इसका मुकाबला नहीं कर सकता था।,25,22,10.621294934453813
ex_006,B,3.0,3.3333,3.1667,A,4,4.5,4,5,5,ambiguous,It also attacked anything that entered the water; even a giant dinosaur such as T. rex would be no match for it.,यह जल में प्रवेश करने वाली हर चीज पर हमला करता था; एक भारी डायनासोर जैसा कि टी.रेक्स भी इसका मुकाबला नहीं कर सकता था।,यह पानी में प्रवेश करने वाली किसी भी चीज़ पर हमला करता था; ट. रेक्स जैसे विशाल डायनासोर भी इसके समक्ष अक्षम होते।,"ये पानी में जाने वाली किसी भी चीज़ पर भी हमला किया करते थे, यहाँ तक कि टी. रेक्स जैसे विशालकाय डायनासोर का भी कोई मुकाबला नहीं होगा.",यह पानी में प्रवेश करने वाली किसी भी चीज़ पर हमला करता था; ट. रेक्स जैसे विशाल डायनासोर भी इसके समक्ष अक्षम होते।,23,22,17.407112149150166
ex_007,A,3.3333,3.6667,3.5,A,2,3.25,3,4,3,ambiguous,Others are alleged to have been brought up by animals; some are said to have lived in the wild on their own.,अन्य के जानवरों द्वारा पाले जाने के आरोप हैं; कुछ को अकेले जंगल में रहने का कहा जाता है।,अन्य लोगों के बारे में कहा जाता है कि उन्हें जानवरों द्वारा पाला गया था; कुछ का दावा है कि वे अपने आप जंगली में रहते थे।,दूसरों को कथित तौर पर जानवरों से ढोकर लाया गया था; कुछ के बारे में कहा जाता है कि वे खुद ही जंगल में रह रहे थे.,अन्य के जानवरों द्वारा पाले जाने के आरोप हैं; कुछ को अकेले जंगल में रहने का कहा जाता है।,19,22,4.680148912815492
ex_007,B,3.0,3.6667,3.3333,A,2,3.75,4,4,3,ambiguous,Others are alleged to have been brought up by animals; some are said to have lived in the wild on their own.,अन्य के जानवरों द्वारा पाले जाने के आरोप हैं; कुछ को अकेले जंगल में रहने का कहा जाता है।,अन्य लोगों के बारे में कहा जाता है कि उन्हें जानवरों द्वारा पाला गया था; कुछ का दावा है कि वे अपने आप जंगली में रहते थे।,दूसरों को कथित तौर पर जानवरों से ढोकर लाया गया था; कुछ के बारे में कहा जाता है कि वे खुद ही जंगल में रह रहे थे.,अन्य लोगों के बारे में कहा जाता है कि उन्हें जानवरों द्वारा पाला गया था; कुछ का दावा है कि वे अपने आप जंगली में रहते थे।,27,22,31.526641008374458
ex_008,A,2.6667,3.6667,3.1667,A,4,4.25,4,5,4,ambiguous,"But, if used without further qualifiers, the term tends to mean the food originally from the central and eastern parts of the main island Java.","लेकिन, यदि इस शब्द का उपयोग अतिरिक्त विशेषक बिना किया जाता है, तो इसका अर्थ मुख्य रूप से मुख्य द्वीप जावा के केंद्रीय और पूर्वी भागों से मूल रूप से आया हुआ भोजन से होता है।","लेकिन, यदि इसे बिना किसी अतिरिक्त शर्त के इस्तेमाल किया जाए, तो यह शब्द मूल रूप से मुख्य द्वीप जावा के केंद्रीय और पूर्वी हिस्सों से आने वाले भोजन को दर्शाने की प्रवृत्ति रखता है।","लेकिन, अगर अतिरिक्त क्वालिफ़ायर के बिना इस्तेमाल किया जाए, तो इस शब्द का मतलब ऐसे खाने से है जो मूल रूप से मुख्य जावा द्वीप के मध्य और पूर्वी हिस्सों से आता है.","लेकिन, यदि इस शब्द का उपयोग अतिरिक्त विशेषक बिना किया जाता है, तो इसका अर्थ मुख्य रूप से मुख्य द्वीप जावा के केंद्रीय और पूर्वी भागों से मूल रूप से आया हुआ भोजन से होता है।",36,25,11.04872121033854
ex_008,B,3.3333,3.0,3.1667,A,5,4.75,5,5,4,ambiguous,"But, if used without further qualifiers, the term tends to mean the food originally from the central and eastern parts of the main island Java.","लेकिन, यदि इस शब्द का उपयोग अतिरिक्त विशेषक बिना किया जाता है, तो इसका अर्थ मुख्य रूप से मुख्य द्वीप जावा के केंद्रीय और पूर्वी भागों से मूल रूप से आया हुआ भोजन से होता है।","लेकिन, यदि इसे बिना किसी अतिरिक्त शर्त के इस्तेमाल किया जाए, तो यह शब्द मूल रूप से मुख्य द्वीप जावा के केंद्रीय और पूर्वी हिस्सों से आने वाले भोजन को दर्शाने की प्रवृत्ति रखता है।","लेकिन, अगर अतिरिक्त क्वालिफ़ायर के बिना इस्तेमाल किया जाए, तो इस शब्द का मतलब ऐसे खाने से है जो मूल रूप से मुख्य जावा द्वीप के मध्य और पूर्वी हिस्सों से आता है.","लेकिन, यदि इसे बिना किसी अतिरिक्त शर्त के इस्तेमाल किया जाए, तो यह शब्द मूल रूप से मुख्य द्वीप जावा के केंद्रीय और पूर्वी हिस्सों से आने वाले भोजन को दर्शाने की प्रवृत्ति रखता है।",35,25,25.569989681650263
ex_009,A,2.6667,3.3333,3.0,B,2,2.25,2,2,3,ambiguous,"Every morning, people leave small country towns in cars to go their workplace and are passed by others whose work destination is the place they have just left.","प्रत्येक सुबह, लोग अपने गाड़ियों में छोटे गांवों के शहरों से अलग हो जाते हैं जहां वे अपने कार्यस्थल पर जाते हैं और दूसरों द्वारा पार कर लिए जाते हैं जिनका कार्य स्थल वह जगह है जहां वे अब छोड़ चुके हैं।","हर सुबह, लोग छोटे ग्रामीण शहरों से कारों में निकलकर अपने कार्यस्थल पर जाते हैं और ऐसे अन्य लोग उन्हें पार करते हैं जिनका कार्यस्थल वही स्थान है जिसे वे अभी छोड़ चुके हैं।",काम पर जाने के लिए अपनी गाड़ियों से छोटे शहरो को छोड़ देते हैं और दूसरों द्वारा पारित किया गया काम की स्थान है जो उन्होंने अभी छोड़ी है।,"प्रत्येक सुबह, लोग अपने गाड़ियों में छोटे गांवों के शहरों से अलग हो जाते हैं जहां वे अपने कार्यस्थल पर जाते हैं और दूसरों द्वारा पार कर लिए जाते हैं जिनका कार्य स्थल वह जगह है जहां वे अब छोड़ चुके हैं।",42,28,6.870614559714761
ex_009,B,4.0,4.3333,4.1667,B,4,4.5,4,5,5,ambiguous,"Every morning, people leave small country towns in cars to go their workplace and are passed by others whose work destination is the place they have just left.","प्रत्येक सुबह, लोग अपने गाड़ियों में छोटे गांवों के शहरों से अलग हो जाते हैं जहां वे अपने कार्यस्थल पर जाते हैं और दूसरों द्वारा पार कर लिए जाते हैं जिनका कार्य स्थल वह जगह है जहां वे अब छोड़ चुके हैं।","हर सुबह, लोग छोटे ग्रामीण शहरों से कारों में निकलकर अपने कार्यस्थल पर जाते हैं और ऐसे अन्य लोग उन्हें पार करते हैं जिनका कार्यस्थल वही स्थान है जिसे वे अभी छोड़ चुके हैं।",काम पर जाने के लिए अपनी गाड़ियों से छोटे शहरो को छोड़ देते हैं और दूसरों द्वारा पारित किया गया काम की स्थान है जो उन्होंने अभी छोड़ी है।,"हर सुबह, लोग छोटे ग्रामीण शहरों से कारों में निकलकर अपने कार्यस्थल पर जाते हैं और ऐसे अन्य लोग उन्हें पार करते हैं जिनका कार्यस्थल वही स्थान है जिसे वे अभी छोड़ चुके हैं।",34,28,3.657993333229942
ex_010,A,4.3333,4.3333,4.3333,Tie,4,4.5,4,5,5,ambiguous,"It was the final match for the All Blacks, who had already won the trophy two weeks ago.","यह ऑल ब्लैक्स के लिए अंतिम मैच था, जिन्होंने पहले ही दो सप्ताह पहले ट्रॉफी जीत ली थी।","यह ऑल ब्लैक के लिए अंतिम मैच था, जिन्होंने पहले ही दो हफ्ते पहले ट्रॉफी जीत ली थी।",अभी दो हफ़्ते पहले ही इस ट्रॉफ़ी को अपने नाम कर चुकी 'ऑल ब्लैक्स' टीम का यह फ़ाइनल मैच था.,"यह ऑल ब्लैक्स के लिए अंतिम मैच था, जिन्होंने पहले ही दो सप्ताह पहले ट्रॉफी जीत ली थी।",18,18,5.70372861680265
ex_010,B,4.3333,4.3333,4.3333,Tie,4,4.5,4,5,5,ambiguous,"It was the final match for the All Blacks, who had already won the trophy two weeks ago.","यह ऑल ब्लैक्स के लिए अंतिम मैच था, जिन्होंने पहले ही दो सप्ताह पहले ट्रॉफी जीत ली थी।","यह ऑल ब्लैक के लिए अंतिम मैच था, जिन्होंने पहले ही दो हफ्ते पहले ट्रॉफी जीत ली थी।",अभी दो हफ़्ते पहले ही इस ट्रॉफ़ी को अपने नाम कर चुकी 'ऑल ब्लैक्स' टीम का यह फ़ाइनल मैच था.,"यह ऑल ब्लैक के लिए अंतिम मैच था, जिन्होंने पहले ही दो हफ्ते पहले ट्रॉफी जीत ली थी।",18,18,5.70372861680265
ex_011,A,4.0,4.0,4.0,Tie,2,3.0,3,4,2,hallucination_prone,"In 1956 Słania moved to Sweden, where three years later he began work for the Swedish Post Office and became their chief engraver.","1956 में स्लानिया स्वीडन चला गया, जहां तीन साल बाद उसने स्वीडिश पोस्ट ऑफिस के लिए काम शुरू कर दिया और उनके मुख्य सुरंगकार बन गया।","1956 में, स्लानिया स्वीडन चले गए, जहां तीन साल बाद उन्होंने स्वीडिश पोस्ट ऑफिस में काम शुरू किया और वहाँ के प्रमुख नक़्क़ाशीकार बन गए।","1956 में सोलेनिया स्वीडन चले गए, जहाँ तीन साल बाद उन्होंने स्वीडिश डाक घर के लिए काम करना शुरू किया और उनके मुख्य उकेरक बन गए।","1956 में स्लानिया स्वीडन चला गया, जहां तीन साल बाद उसने स्वीडिश पोस्ट ऑफिस के लिए काम शुरू कर दिया और उनके मुख्य सुरंगकार बन गया।",26,23,14.132052098159443
ex_011,B,4.0,4.0,4.0,Tie,4,4.75,5,5,4,hallucination_prone,"In 1956 Słania moved to Sweden, where three years later he began work for the Swedish Post Office and became their chief engraver.","1956 में स्लानिया स्वीडन चला गया, जहां तीन साल बाद उसने स्वीडिश पोस्ट ऑफिस के लिए काम शुरू कर दिया और उनके मुख्य सुरंगकार बन गया।","1956 में, स्लानिया स्वीडन चले गए, जहां तीन साल बाद उन्होंने स्वीडिश पोस्ट ऑफिस में काम शुरू किया और वहाँ के प्रमुख नक़्क़ाशीकार बन गए।","1956 में सोलेनिया स्वीडन चले गए, जहाँ तीन साल बाद उन्होंने स्वीडिश डाक घर के लिए काम करना शुरू किया और उनके मुख्य उकेरक बन गए।","1956 में, स्लानिया स्वीडन चले गए, जहां तीन साल बाद उन्होंने स्वीडिश पोस्ट ऑफिस में काम शुरू किया और वहाँ के प्रमुख नक़्क़ाशीकार बन गए।",25,23,30.32929624979452
ex_012,A,4.0,3.3333,3.6667,B,3,3.75,3,5,4,hallucination_prone,"In late 2017, Siminoff appeared on shopping television channel QVC.","देर से 2017 में, सिमिनॉफ खरीदारी टेलीविजन चैनल QVC पर दिखाई दिया।","2017 के अंत में, सिमिनोफ शॉपिंग टेलीविजन चैनल QVC पर दिखाई दिए।","2017 के अंत में, सिमिनॉफ़ शॉपिंग टेलीविज़न चैनल QVC में दिखाई दिए.","देर से 2017 में, सिमिनॉफ खरीदारी टेलीविजन चैनल QVC पर दिखाई दिया।",12,10,8.953363688807181
ex_012,B,4.0,4.0,4.0,B,5,5.0,5,5,5,hallucination_prone,"In late 2017, Siminoff appeared on shopping television channel QVC.","देर से 2017 में, सिमिनॉफ खरीदारी टेलीविजन चैनल QVC पर दिखाई दिया।","2017 के अंत में, सिमिनोफ शॉपिंग टेलीविजन चैनल QVC पर दिखाई दिए।","2017 के अंत में, सिमिनॉफ़ शॉपिंग टेलीविज़न चैनल QVC में दिखाई दिए.","2017 के अंत में, सिमिनोफ शॉपिंग टेलीविजन चैनल QVC पर दिखाई दिए।",12,10,32.79475209724913
ex_013,A,4.0,4.6667,4.3333,A,2,3.25,3,4,3,hallucination_prone,"The Ninth Ward, which saw flooding as high as 20 feet during Hurricane Katrina, is currently in waist-high water as the nearby levee was overtopped.","नौवीं वार्ड, जहां कैटरिना तूफान के दौरान पानी 20 फीट तक बरसा, अब आसपास के बांध के ऊपर बह जाने के कारण कमर के ऊपर तक पानी में डूबी हुई है।","नौवें वार्ड, जहाँ हरिकेन कतरिना के दौरान पानी की गहराई 20 फीट तक पहुँच गई थी, वर्तमान में कमर-ऊंचाई का पानी है क्योंकि पास का लेवी ओवरटॉप हो गया है।","नौवाँ वार्ड, जो तूफ़ान कैटरीना के दौरान 20 फ़ीट तक ऊँचा देखा गया था, वह वर्तमान में कमर से ऊपर पानी में है, क्योंकि पास का बाँध ज़्यादा बढ़ गया था.","नौवीं वार्ड, जहां कैटरिना तूफान के दौरान पानी 20 फीट तक बरसा, अब आसपास के बांध के ऊपर बह जाने के कारण कमर के ऊपर तक पानी में डूबी हुई है।",31,25,4.260871077757724
ex_013,B,3.0,3.0,3.0,A,3,3.5,3,4,4,hallucination_prone,"The Ninth Ward, which saw flooding as high as 20 feet during Hurricane Katrina, is currently in waist-high water as the nearby levee was overtopped.","नौवीं वार्ड, जहां कैटरिना तूफान के दौरान पानी 20 फीट तक बरसा, अब आसपास के बांध के ऊपर बह जाने के कारण कमर के ऊपर तक पानी में डूबी हुई है।","नौवें वार्ड, जहाँ हरिकेन कतरिना के दौरान पानी की गहराई 20 फीट तक पहुँच गई थी, वर्तमान में कमर-ऊंचाई का पानी है क्योंकि पास का लेवी ओवरटॉप हो गया है।","नौवाँ वार्ड, जो तूफ़ान कैटरीना के दौरान 20 फ़ीट तक ऊँचा देखा गया था, वह वर्तमान में कमर से ऊपर पानी में है, क्योंकि पास का बाँध ज़्यादा बढ़ गया था.","नौवें वार्ड, जहाँ हरिकेन कतरिना के दौरान पानी की गहराई 20 फीट तक पहुँच गई थी, वर्तमान में कमर-ऊंचाई का पानी है क्योंकि पास का लेवी ओवरटॉप हो गया है।",30,25,7.392391824522734
ex_014,A,3.3333,3.6667,3.5,A,2,2.75,3,3,2,hallucination_prone,"He was also engaged in engraving banknotes for many countries, recent examples of his work including the Prime Ministerial portraits on the front of the new Canadian $5 and $100 bills.","वह कई देशों के नोटों के सिक्के बनाने में भी लगा रहा, नए कनाडाई $5 और $100 नोटों के सामने प्रधानमंत्री के चित्र उसके काम के हालिया उदाहरण हैं।","वह कई देशों के बैंकनोट्स के उत्कीर्णन में भी संलग्न थे, उनके हालिया कार्यों के उदाहरणों में नए कैनेडियन $5 और $100 बिलों के सामने प्रधानमंत्री के चित्र शामिल हैं।","वे कई देशों के बैंक नोटों को भी उकेरने में शामिल थे, हाल ही में नए कनाडाई $5 और $100 बिलों के सामने वाले हिस्से में प्रधानमंत्री के चित्र उनके हाल के कामों के कुछ उदाहरण हैं.","वह कई देशों के नोटों के सिक्के बनाने में भी लगा रहा, नए कनाडाई $5 और $100 नोटों के सामने प्रधानमंत्री के चित्र उसके काम के हालिया उदाहरण हैं।",29,31,22.4693389230107
ex_014,B,3.3333,4.0,3.6667,A,4,4.5,4,5,5,hallucination_prone,"He was also engaged in engraving banknotes for many countries, recent examples of his work including the Prime Ministerial portraits on the front of the new Canadian $5 and $100 bills.","वह कई देशों के नोटों के सिक्के बनाने में भी लगा रहा, नए कनाडाई $5 और $100 नोटों के सामने प्रधानमंत्री के चित्र उसके काम के हालिया उदाहरण हैं।","वह कई देशों के बैंकनोट्स के उत्कीर्णन में भी संलग्न थे, उनके हालिया कार्यों के उदाहरणों में नए कैनेडियन $5 और $100 बिलों के सामने प्रधानमंत्री के चित्र शामिल हैं।","वे कई देशों के बैंक नोटों को भी उकेरने में शामिल थे, हाल ही में नए कनाडाई $5 और $100 बिलों के सामने वाले हिस्से में प्रधानमंत्री के चित्र उनके हाल के कामों के कुछ उदाहरण हैं.","वह कई देशों के बैंकनोट्स के उत्कीर्णन में भी संलग्न थे, उनके हालिया कार्यों के उदाहरणों में नए कैनेडियन $5 और $100 बिलों के सामने प्रधानमंत्री के चित्र शामिल हैं।",30,31,26.34713634418067
ex_015,A,3.3333,3.6667,3.5,B,3,4.0,3,4,5,hallucination_prone,"In 1884, Tesla moved to the United States of America to accept a job with the Edison Company in New York City.","1884 में, टेस्ला ने न्यूयॉर्क शहर में एडिसन कंपनी के साथ एक नौकरी स्वीकार करने के लिए संयुक्त राज्य अमेरिका चले गए।","1884 में, टेस्ला संयुक्त राज्य अमेरिका चले गए ताकि वे न्यूयॉर्क शहर में एडिसन कंपनी में नौकरी स्वीकार कर सकें।","1884 में, टेस्ला न्यूयॉर्क शहर में एडिसन कंपनी के साथ नौकरी स्वीकार करने के लिए यूनाइटेड स्टेट्स ऑफ़ अमेरिका चले गए।","1884 में, टेस्ला ने न्यूयॉर्क शहर में एडिसन कंपनी के साथ एक नौकरी स्वीकार करने के लिए संयुक्त राज्य अमेरिका चले गए।",22,22,56.68706143897176
ex_015,B,4.3333,4.0,4.1667,B,5,5.0,5,5,5,hallucination_prone,"In 1884, Tesla moved to the United States of America to accept a job with the Edison Company in New York City.","1884 में, टेस्ला ने न्यूयॉर्क शहर में एडिसन कंपनी के साथ एक नौकरी स्वीकार करने के लिए संयुक्त राज्य अमेरिका चले गए।","1884 में, टेस्ला संयुक्त राज्य अमेरिका चले गए ताकि वे न्यूयॉर्क शहर में एडिसन कंपनी में नौकरी स्वीकार कर सकें।","1884 में, टेस्ला न्यूयॉर्क शहर में एडिसन कंपनी के साथ नौकरी स्वीकार करने के लिए यूनाइटेड स्टेट्स ऑफ़ अमेरिका चले गए।","1884 में, टेस्ला संयुक्त राज्य अमेरिका चले गए ताकि वे न्यूयॉर्क शहर में एडिसन कंपनी में नौकरी स्वीकार कर सकें।",20,22,31.700764910441084
ex_016,A,3.6667,4.0,3.8333,B,2,2.5,2,3,3,hallucination_prone,"Cancellation policies vary, but as of late March most coronavirus-based cancellation policies don't extend to July 2020, when the Olympics had been scheduled.","रद्दीकरण नीतियां भिन्न होती हैं, लेकिन मार्च के अंत तक अधिकांश कोरोनावायरस आधारित रद्दीकरण नीतियां जुलाई 2020 तक नहीं फैलती हैं, जब ओलंपिक आयोजित किए गए थे।","रद्दीकरण नीतियाँ अलग-अलग होती हैं, लेकिन मार्च के अंत तक अधिकांश कोरोनावायरस-आधारित रद्दीकरण नीतियाँ जुलाई 2020 तक विस्तारित नहीं होतीं, जब ओलंपिक का आयोजन निर्धारित था।","कैंसल करने की नीतियों में फ़र्क हो सकता है लेकिन मार्च के आखिर में कोरोना वायरस के आधार पर कैंसल करने की ज़्यादातर नीतियाँ जुलाई 2020 तक नहीं बढ़ाई जाती हैं, यानी जब ओलंपिक शेड्यूल किया गया था.","रद्दीकरण नीतियां भिन्न होती हैं, लेकिन मार्च के अंत तक अधिकांश कोरोनावायरस आधारित रद्दीकरण नीतियां जुलाई 2020 तक नहीं फैलती हैं, जब ओलंपिक आयोजित किए गए थे।",27,23,9.709510147137163
ex_016,B,4.0,4.3333,4.1667,B,4,4.5,4,5,5,hallucination_prone,"Cancellation policies vary, but as of late March most coronavirus-based cancellation policies don't extend to July 2020, when the Olympics had been scheduled.","रद्दीकरण नीतियां भिन्न होती हैं, लेकिन मार्च के अंत तक अधिकांश कोरोनावायरस आधारित रद्दीकरण नीतियां जुलाई 2020 तक नहीं फैलती हैं, जब ओलंपिक आयोजित किए गए थे।","रद्दीकरण नीतियाँ अलग-अलग होती हैं, लेकिन मार्च के अंत तक अधिकांश कोरोनावायरस-आधारित रद्दीकरण नीतियाँ जुलाई 2020 तक विस्तारित नहीं होतीं, जब ओलंपिक का आयोजन निर्धारित था।","कैंसल करने की नीतियों में फ़र्क हो सकता है लेकिन मार्च के आखिर में कोरोना वायरस के आधार पर कैंसल करने की ज़्यादातर नीतियाँ जुलाई 2020 तक नहीं बढ़ाई जाती हैं, यानी जब ओलंपिक शेड्यूल किया गया था.","रद्दीकरण नीतियाँ अलग-अलग होती हैं, लेकिन मार्च के अंत तक अधिकांश कोरोनावायरस-आधारित रद्दीकरण नीतियाँ जुलाई 2020 तक विस्तारित नहीं होतीं, जब ओलंपिक का आयोजन निर्धारित था।",26,23,9.803138549205544
ex_017,A,4.6667,4.6667,4.6667,A,5,5.0,5,5,5,hallucination_prone,A full 20 percent of the water that pours out of the planet's rivers into the oceans comes from the Amazon.,पृथ्वी की नदियों से समुद्रों में गिरने वाले पानी का पूरा 20 प्रतिशत अमेज़न से आता है।,पृथ्वी की नदियों से महासागरों में बहने वाले पानी का पूरा 20 प्रतिशत अमेज़न से आता है।,हमारे ग्रह की नदियों से महासागरों में जाने वाले पानी का 20% हिस्सा अमेज़न से आता है।,पृथ्वी की नदियों से समुद्रों में गिरने वाले पानी का पूरा 20 प्रतिशत अमेज़न से आता है।,17,21,26.112054013565135
ex_017,B,4.6667,4.6667,4.6667,A,5,5.0,5,5,5,hallucination_prone,A full 20 percent of the water that pours out of the planet's rivers into the oceans comes from the Amazon.,पृथ्वी की नदियों से समुद्रों में गिरने वाले पानी का पूरा 20 प्रतिशत अमेज़न से आता है।,पृथ्वी की नदियों से महासागरों में बहने वाले पानी का पूरा 20 प्रतिशत अमेज़न से आता है।,हमारे ग्रह की नदियों से महासागरों में जाने वाले पानी का 20% हिस्सा अमेज़न से आता है।,पृथ्वी की नदियों से महासागरों में बहने वाले पानी का पूरा 20 प्रतिशत अमेज़न से आता है।,17,21,41.316241548587534
ex_018,A,4.3333,4.6667,4.5,A,4,4.5,4,5,5,hallucination_prone,"In 1895, after defeat in the First Sino-Japanese War (1894-1895), the Qing government signs the Treaty of Shimonoseki, by which it cedes sovereignty over Taiwan to Japan, which rules the island until 1945.","1895 में, पहले चीन-जापान युद्ध (1894-1895) में हार के बाद, चिंग सरकार शिमोनोसेकी के संधि पर हस्ताक्षर करती है, जिसके तहत यह टाइवान पर शासन का अधिकार जापान को दे देती है, जो द्वीप का शासन 1945 तक करता है।","1895 में, प्रथम चीन-जापान युद्ध (1894‑1895) में पराजय के बाद, किंग सरकार शिमोनोसेकी संधि पर हस्ताक्षर करती है, जिसके तहत वह ताइवान पर संप्रभुता जापान को सौंप देती है, जो द्वीप पर 1945 तक शासन करता है।","1895 में, प्रथम चीन-जापान युद्ध (1894-1895) में हार के बाद, चिंग सरकार शिमोनोसेकी की संधि पर हस्ताक्षर करती है, जिसके द्वारा वह ताइवान की संप्रभुता जापान को सौंप देती है, जो 1945 तक द्वीप पर राज करता है।","1895 में, पहले चीन-जापान युद्ध (1894-1895) में हार के बाद, चिंग सरकार शिमोनोसेकी के संधि पर हस्ताक्षर करती है, जिसके तहत यह टाइवान पर शासन का अधिकार जापान को दे देती है, जो द्वीप का शासन 1945 तक करता है।",40,33,53.049296952028385
ex_018,B,4.6667,4.0,4.3333,A,5,5.0,5,5,5,hallucination_prone,"In 1895, after defeat in the First Sino-Japanese War (1894-1895), the Qing government signs the Treaty of Shimonoseki, by which it cedes sovereignty over Taiwan to Japan, which rules the island until 1945.","1895 में, पहले चीन-जापान युद्ध (1894-1895) में हार के बाद, चिंग सरकार शिमोनोसेकी के संधि पर हस्ताक्षर करती है, जिसके तहत यह टाइवान पर शासन का अधिकार जापान को दे देती है, जो द्वीप का शासन 1945 तक करता है।","1895 में, प्रथम चीन-जापान युद्ध (1894‑1895) में पराजय के बाद, किंग सरकार शिमोनोसेकी संधि पर हस्ताक्षर करती है, जिसके तहत वह ताइवान पर संप्रभुता जापान को सौंप देती है, जो द्वीप पर 1945 तक शासन करता है।","1895 में, प्रथम चीन-जापान युद्ध (1894-1895) में हार के बाद, चिंग सरकार शिमोनोसेकी की संधि पर हस्ताक्षर करती है, जिसके द्वारा वह ताइवान की संप्रभुता जापान को सौंप देती है, जो 1945 तक द्वीप पर राज करता है।","1895 में, प्रथम चीन-जापान युद्ध (1894‑1895) में पराजय के बाद, किंग सरकार शिमोनोसेकी संधि पर हस्ताक्षर करती है, जिसके तहत वह ताइवान पर संप्रभुता जापान को सौंप देती है, जो द्वीप पर 1945 तक शासन करता है।",37,33,48.73033836353342
ex_019,A,4.0,4.6667,4.3333,B,5,5.0,5,5,5,hallucination_prone,"Robin Uthappa made the innings highest score, 70 runs in just 41 balls by hitting 11 fours and 2 sixes.",रोबिन उथप्पा ने 11 चौके और 2 छक्के मारकर 41 गेंदों में 70 रन बनाकर इनिंग्स का सर्वोच्च स्कोर बनाया।,"रोबिन उथप्पा ने 41 गेंदों में 70 रन के साथ सबसे अधिक स्कोर बनाया, 11 चौके और 2 छक्के मारे।",रॉबिन उथप्पा ने केवल 41 गेंदों में 11 चौकों और 2 छक्कों की मदद से 70 रन बना कर पारी का सर्वोच्च स्कोर बनाया.,रोबिन उथप्पा ने 11 चौके और 2 छक्के मारकर 41 गेंदों में 70 रन बनाकर इनिंग्स का सर्वोच्च स्कोर बनाया।,20,20,13.025981943695541
ex_019,B,4.0,4.3333,4.1667,B,4,4.5,4,5,5,hallucination_prone,"Robin Uthappa made the innings highest score, 70 runs in just 41 balls by hitting 11 fours and 2 sixes.",रोबिन उथप्पा ने 11 चौके और 2 छक्के मारकर 41 गेंदों में 70 रन बनाकर इनिंग्स का सर्वोच्च स्कोर बनाया।,"रोबिन उथप्पा ने 41 गेंदों में 70 रन के साथ सबसे अधिक स्कोर बनाया, 11 चौके और 2 छक्के मारे।",रॉबिन उथप्पा ने केवल 41 गेंदों में 11 चौकों और 2 छक्कों की मदद से 70 रन बना कर पारी का सर्वोच्च स्कोर बनाया.,"रोबिन उथप्पा ने 41 गेंदों में 70 रन के साथ सबसे अधिक स्कोर बनाया, 11 चौके और 2 छक्के मारे।",20,20,10.400016243706089
ex_020,A,3.6667,4.0,3.8333,Tie,4,4.75,5,5,4,hallucination_prone,You can use boda-boda (motorcycle taxi) to get around Goma. The normal (local) price is ~500 Congolese Francs for the short ride.,आप गोमा में घूमने के लिए बोडा-बोडा (स्कूटर टैक्सी) का उपयोग कर सकते हैं। सामान्य (स्थानीय) मूल्य छोटी यात्रा के लिए लगभग 500 कांगो फ्रैंक है।,आप गॉमा में घूमने के लिए boda-boda (मोटरसाइकिल टैक्सी) का उपयोग कर सकते हैं। सामान्य (स्थानीय) कीमत छोटी सवारी के लिए लगभग 500 कॉंगो फ्रैंक है।,आप गोमा के आस-पास घूमने के लिए बोडा-बोडा (मोटरसाइकिल टैक्सी) ले सकते हैं. छोटी सैर के लिए आम तौर पर (स्थानीय) किराया करीब 500 कांगोलीज़ फ़्रैंक लगता है.,आप गोमा में घूमने के लिए बोडा-बोडा (स्कूटर टैक्सी) का उपयोग कर सकते हैं। सामान्य (स्थानीय) मूल्य छोटी यात्रा के लिए लगभग 500 कांगो फ्रैंक है।,26,22,18.177291067628992
ex_020,B,4.3333,4.3333,4.3333,Tie,5,4.5,4,5,5,hallucination_prone,You can use boda-boda (motorcycle taxi) to get around Goma. The normal (local) price is ~500 Congolese Francs for the short ride.,आप गोमा में घूमने के लिए बोडा-बोडा (स्कूटर टैक्सी) का उपयोग कर सकते हैं। सामान्य (स्थानीय) मूल्य छोटी यात्रा के लिए लगभग 500 कांगो फ्रैंक है।,आप गॉमा में घूमने के लिए boda-boda (मोटरसाइकिल टैक्सी) का उपयोग कर सकते हैं। सामान्य (स्थानीय) कीमत छोटी सवारी के लिए लगभग 500 कॉंगो फ्रैंक है।,आप गोमा के आस-पास घूमने के लिए बोडा-बोडा (मोटरसाइकिल टैक्सी) ले सकते हैं. छोटी सैर के लिए आम तौर पर (स्थानीय) किराया करीब 500 कांगोलीज़ फ़्रैंक लगता है.,आप गॉमा में घूमने के लिए boda-boda (मोटरसाइकिल टैक्सी) का उपयोग कर सकते हैं। सामान्य (स्थानीय) कीमत छोटी सवारी के लिए लगभग 500 कॉंगो फ्रैंक है।,26,22,14.618449011913214
ex_021,A,3.3333,2.6667,3.0,B,4,4.5,4,5,5,noisy_input,"Mosasaaurus was the apex predator of its time, so it feared nothing, except other mosasaurs.","मोसासॉरस अपने समय का शीर्ष शिकारी था, इसलिए वह कुछ भी डरता नहीं था, सिवाए अन्य मोसासॉरस के।","मोसासॉरस उसके समय का अंतिम शिकारी था, इसलिए उसे कुछ भी डर नहीं लगता था, सिवाय अन्य मोसासॉरस के।","मोसासौरस अपने समय का सबसे बड़ा शिकारी था, इसलिए उसे अन्य मोसासौरस के अलावा किसी का भय नहीं था।","मोसासॉरस अपने समय का शीर्ष शिकारी था, इसलिए वह कुछ भी डरता नहीं था, सिवाए अन्य मोसासॉरस के।",18,15,18.45895819969781
ex_021,B,3.3333,4.0,3.6667,B,4,3.5,3,4,4,noisy_input,"Mosasaaurus was the apex predator of its time, so it feared nothing, except other mosasaurs.","मोसासॉरस अपने समय का शीर्ष शिकारी था, इसलिए वह कुछ भी डरता नहीं था, सिवाए अन्य मोसासॉरस के।","मोसासॉरस उसके समय का अंतिम शिकारी था, इसलिए उसे कुछ भी डर नहीं लगता था, सिवाय अन्य मोसासॉरस के।","मोसासौरस अपने समय का सबसे बड़ा शिकारी था, इसलिए उसे अन्य मोसासौरस के अलावा किसी का भय नहीं था।","मोसासॉरस उसके समय का अंतिम शिकारी था, इसलिए उसे कुछ भी डर नहीं लगता था, सिवाय अन्य मोसासॉरस के।",19,15,20.82198320914845
ex_022,A,3.3333,3.6667,3.5,B,4,4.25,4,5,4,noisy_input,saint petersburg cruises include time in town cruise passengers are exempted from visa requirements (check the terms),सेंट पीटर्सबर्ग क्रूज़ में शहर में समय शामिल है क्रूज़ यात्रियों को वीजा आवश्यकताओं से छूट दी गई है (शर्तों की जांच करें),सेंट पीटरबर्ग क्रूज़ में शहर में ठहराव शामिल है। क्रूज़ यात्रियों को वीज़ा आवश्यकताओं से छूट मिलती है (शर्तें जांचें)।,सेंट पीटर्सबर्ग पोतविहार में शहर में समय बिताना शामिल है। पोतविहार यात्रियों को वीज़ा आवश्यकताओं (शर्तों को जाँचें) से छूट दी गई है।,सेंट पीटर्सबर्ग क्रूज़ में शहर में समय शामिल है क्रूज़ यात्रियों को वीजा आवश्यकताओं से छूट दी गई है (शर्तों की जांच करें),23,17,25.19822286071066
ex_022,B,4.0,4.0,4.0,B,4,4.75,5,5,4,noisy_input,saint petersburg cruises include time in town cruise passengers are exempted from visa requirements (check the terms),सेंट पीटर्सबर्ग क्रूज़ में शहर में समय शामिल है क्रूज़ यात्रियों को वीजा आवश्यकताओं से छूट दी गई है (शर्तों की जांच करें),सेंट पीटरबर्ग क्रूज़ में शहर में ठहराव शामिल है। क्रूज़ यात्रियों को वीज़ा आवश्यकताओं से छूट मिलती है (शर्तें जांचें)।,सेंट पीटर्सबर्ग पोतविहार में शहर में समय बिताना शामिल है। पोतविहार यात्रियों को वीज़ा आवश्यकताओं (शर्तों को जाँचें) से छूट दी गई है।,सेंट पीटरबर्ग क्रूज़ में शहर में ठहराव शामिल है। क्रूज़ यात्रियों को वीज़ा आवश्यकताओं से छूट मिलती है (शर्तें जांचें)।,20,17,10.194270445553139
ex_023,A,4.3333,4.3333,4.3333,A,2,3.5,3,4,4,noisy_input,"yeh use of video recording hai led to important discoveries in the interpretation of micro-expressions, facial movements which last a few milliseconds.","वीडियो रिकॉर्डिंग का उपयोग माइक्रो एक्सप्रेशन की व्याख्या में महत्वपूर्ण खोजों के कारण बना, जिसमें चेहरे की गतिविधियां कुछ मिलिसेकंड तक रहती हैं।","इस वीडियो रिकॉर्डिंग के उपयोग से माइक्रो-एक्सप्रेशन और चेहरे की गतियों, जो कुछ मिलीसेकंड तक चलती हैं, की व्याख्या में महत्वपूर्ण खोजें हुई हैं।","माइक्रो-एक्सप्रेशन्स, फ़ेशियल मूवमेंट्स जिसमें कुछ मिलीसेकंड्स लगते हैं, उसकी व्याख्या करने में वीडियो रिकॉर्डिंग के इस्तेमाल ने महत्वपूर्ण खोजों को बढ़ावा दिया है.","वीडियो रिकॉर्डिंग का उपयोग माइक्रो एक्सप्रेशन की व्याख्या में महत्वपूर्ण खोजों के कारण बना, जिसमें चेहरे की गतिविधियां कुछ मिलिसेकंड तक रहती हैं।",23,22,5.148118464820922
ex_023,B,3.3333,3.3333,3.3333,A,5,5.0,5,5,5,noisy_input,"yeh use of video recording hai led to important discoveries in the interpretation of micro-expressions, facial movements which last a few milliseconds.","वीडियो रिकॉर्डिंग का उपयोग माइक्रो एक्सप्रेशन की व्याख्या में महत्वपूर्ण खोजों के कारण बना, जिसमें चेहरे की गतिविधियां कुछ मिलिसेकंड तक रहती हैं।","इस वीडियो रिकॉर्डिंग के उपयोग से माइक्रो-एक्सप्रेशन और चेहरे की गतियों, जो कुछ मिलीसेकंड तक चलती हैं, की व्याख्या में महत्वपूर्ण खोजें हुई हैं।","माइक्रो-एक्सप्रेशन्स, फ़ेशियल मूवमेंट्स जिसमें कुछ मिलीसेकंड्स लगते हैं, उसकी व्याख्या करने में वीडियो रिकॉर्डिंग के इस्तेमाल ने महत्वपूर्ण खोजों को बढ़ावा दिया है.","इस वीडियो रिकॉर्डिंग के उपयोग से माइक्रो-एक्सप्रेशन और चेहरे की गतियों, जो कुछ मिलीसेकंड तक चलती हैं, की व्याख्या में महत्वपूर्ण खोजें हुई हैं।",24,22,8.040993409646845
ex_024,A,3.3333,3.3333,3.3333,B,2,2.5,2,4,2,noisy_input,The t0p of the tower was special sanctuary for the god.,मीनार के t0p भगवान के लिए एक विशेष पवित्र स्थान था।,टॉवर का शीर्ष भगवान के लिए एक विशेष अभयारण्य था।,टॉवर का शीर्ष देवता के लिए खास गर्भगृह था.,मीनार के t0p भगवान के लिए एक विशेष पवित्र स्थान था।,11,11,7.495553473355842
ex_024,B,3.6667,3.6667,3.6667,B,4,4.5,5,5,4,noisy_input,The t0p of the tower was special sanctuary for the god.,मीनार के t0p भगवान के लिए एक विशेष पवित्र स्थान था।,टॉवर का शीर्ष भगवान के लिए एक विशेष अभयारण्य था।,टॉवर का शीर्ष देवता के लिए खास गर्भगृह था.,टॉवर का शीर्ष भगवान के लिए एक विशेष अभयारण्य था।,10,11,19.64073254502565
ex_025,A,4.0,4.3333,4.1667,A,5,5.0,5,5,5,noisy_input,so it is likely that the notation was added simply as a label,तो ऐसा लगता है कि नोटेशन को केवल एक लेबल के रूप में जोड़ा गया था,इसलिए यह सम्भव है कि नोटेशन को केवल एक लेबल के रूप में जोड़ा गया था.,"इसलिए, यह माना जा रहा है कि नोटेशन को सिर्फ़ एक लेबल के रूप में जोड़ा गया था.",तो ऐसा लगता है कि नोटेशन को केवल एक लेबल के रूप में जोड़ा गया था,16,13,46.93116584951998
ex_025,B,3.6667,3.6667,3.6667,A,4,5.0,5,5,5,noisy_input,so it is likely that the notation was added simply as a label,तो ऐसा लगता है कि नोटेशन को केवल एक लेबल के रूप में जोड़ा गया था,इसलिए यह सम्भव है कि नोटेशन को केवल एक लेबल के रूप में जोड़ा गया था.,"इसलिए, यह माना जा रहा है कि नोटेशन को सिर्फ़ एक लेबल के रूप में जोड़ा गया था.",इसलिए यह सम्भव है कि नोटेशन को केवल एक लेबल के रूप में जोड़ा गया था.,16,13,54.7480772069673
ex_026,A,3.0,3.0,3.0,B,1,1.0,1,1,1,noisy_input,"Soon, officcers equipped with riot gear entered the yard and cornered the inmates with tear gas.","जल्द ही, तख़ता-बराबर लड़ाई के लिए तैयार अधिकारी आए और आंसू गैस के साथ बरामदा में बुरी तरह से घिर गए।","जल्द ही, दंगों के लिए सुसज्जित अधिकारियों ने यार्ड में प्रवेश किया और आँसू गैस के साथ कैदियों को कोने में फँसा दिया।","जल्द ही, दंगा संबंधी उपकरणों से लैस अधिकारियों ने अहाते में प्रवेश किया और कैदियों को आंसू गैस की मदद से काबू में कर लिया।","जल्द ही, तख़ता-बराबर लड़ाई के लिए तैयार अधिकारी आए और आंसू गैस के साथ बरामदा में बुरी तरह से घिर गए।",21,16,7.580996312543366
ex_026,B,4.6667,4.6667,4.6667,B,3,3.5,3,4,4,noisy_input,"Soon, officcers equipped with riot gear entered the yard and cornered the inmates with tear gas.","जल्द ही, तख़ता-बराबर लड़ाई के लिए तैयार अधिकारी आए और आंसू गैस के साथ बरामदा में बुरी तरह से घिर गए।","जल्द ही, दंगों के लिए सुसज्जित अधिकारियों ने यार्ड में प्रवेश किया और आँसू गैस के साथ कैदियों को कोने में फँसा दिया।","जल्द ही, दंगा संबंधी उपकरणों से लैस अधिकारियों ने अहाते में प्रवेश किया और कैदियों को आंसू गैस की मदद से काबू में कर लिया।","जल्द ही, दंगों के लिए सुसज्जित अधिकारियों ने यार्ड में प्रवेश किया और आँसू गैस के साथ कैदियों को कोने में फँसा दिया।",23,16,16.641949185944814
ex_027,A,3.3333,3.3333,3.3333,B,2,3.25,3,4,3,noisy_input,also after the revolution occupations were open to all male applicants allowing the most ambitious and successful to succeed,स्थान भी अब सभी पुरुष आवेदकों के लिए खुले थे जिससे सबसे अधिक उद्देश्यपूर्ण और सफल लोग सफल हो सके।,"क्रांति के बाद भी, सभी पुरुष आवेदकों के लिए पद खुले थे, जिससे सबसे महत्वाकांक्षी और सफल लोग सफल हो सके।","तथा, क्रांति के बाद व्यवसाय सभी पुरुष आवेदकों के लिए खुले थे जिसमें सबसे महत्त्वाकांक्षी और सफल होने वाले सफल हो सकते थे।",स्थान भी अब सभी पुरुष आवेदकों के लिए खुले थे जिससे सबसे अधिक उद्देश्यपूर्ण और सफल लोग सफल हो सके।,20,19,29.348786910361692
ex_027,B,4.0,4.6667,4.3333,B,4,4.5,4,5,5,noisy_input,also after the revolution occupations were open to all male applicants allowing the most ambitious and successful to succeed,स्थान भी अब सभी पुरुष आवेदकों के लिए खुले थे जिससे सबसे अधिक उद्देश्यपूर्ण और सफल लोग सफल हो सके।,"क्रांति के बाद भी, सभी पुरुष आवेदकों के लिए पद खुले थे, जिससे सबसे महत्वाकांक्षी और सफल लोग सफल हो सके।","तथा, क्रांति के बाद व्यवसाय सभी पुरुष आवेदकों के लिए खुले थे जिसमें सबसे महत्त्वाकांक्षी और सफल होने वाले सफल हो सकते थे।","क्रांति के बाद भी, सभी पुरुष आवेदकों के लिए पद खुले थे, जिससे सबसे महत्वाकांक्षी और सफल लोग सफल हो सके।",21,19,25.979500644487196
ex_028,A,4.3333,4.0,4.1667,A,4,4.25,5,4,3,noisy_input,"According to park authorities, stay at least 100 yards/meters away se bears aur wolves and 25 yards/meters from all other wild animals!","पार्क प्राधिकरण के अनुसार, भालू और लोमड़ियों से कम से कम 100 गज/मीटर और अन्य सभी जंगली जानवरों से 25 गज/मीटर की दूरी बनाए रखें!","पार्क अधिकारियों के अनुसार, भालू और भेड़ियों से कम से कम 100 गज/मीटर दूर रहें और अन्य सभी जंगली जानवरों से 25 गज/मीटर दूर रहें!",पार्क अथॉरिटीज़ के मुताबिक भालुओं और भेड़ियों से कम से कम 100 यार्ड्स/मीटर्स और अन्य जंगली जानवरों से कम से कम 25 यार्डर्स/मीटर्स दूर रहें.,"पार्क प्राधिकरण के अनुसार, भालू और लोमड़ियों से कम से कम 100 गज/मीटर और अन्य सभी जंगली जानवरों से 25 गज/मीटर की दूरी बनाए रखें!",25,22,18.559542135951205
ex_028,B,4.3333,4.3333,4.3333,A,5,5.0,5,5,5,noisy_input,"According to park authorities, stay at least 100 yards/meters away se bears aur wolves and 25 yards/meters from all other wild animals!","पार्क प्राधिकरण के अनुसार, भालू और लोमड़ियों से कम से कम 100 गज/मीटर और अन्य सभी जंगली जानवरों से 25 गज/मीटर की दूरी बनाए रखें!","पार्क अधिकारियों के अनुसार, भालू और भेड़ियों से कम से कम 100 गज/मीटर दूर रहें और अन्य सभी जंगली जानवरों से 25 गज/मीटर दूर रहें!",पार्क अथॉरिटीज़ के मुताबिक भालुओं और भेड़ियों से कम से कम 100 यार्ड्स/मीटर्स और अन्य जंगली जानवरों से कम से कम 25 यार्डर्स/मीटर्स दूर रहें.,"पार्क अधिकारियों के अनुसार, भालू और भेड़ियों से कम से कम 100 गज/मीटर दूर रहें और अन्य सभी जंगली जानवरों से 25 गज/मीटर दूर रहें!",25,22,27.876064852521285
ex_029,A,4.0,4.6667,4.3333,Tie,4,5.0,5,5,5,noisy_input,Its a1l-pervading p0wer affected everyone from king to commoner.,यह सर्वव्यापक शक्ति राजा से लेकर सामान्य व्यक्ति तक सभी पर प्रभाव डालती है।,यह सर्वव्यापी शक्ति राजा से लेकर आम आदमी तक सभी को प्रभावित करती है।,इसकी सर्वव्यापी शक्ति ने राजा से लेकर आम तक सभी को प्रभावित किया.,यह सर्वव्यापक शक्ति राजा से लेकर सामान्य व्यक्ति तक सभी पर प्रभाव डालती है।,14,9,13.912311644176565
ex_029,B,4.3333,4.6667,4.5,Tie,4,5.0,5,5,5,noisy_input,Its a1l-pervading p0wer affected everyone from king to commoner.,यह सर्वव्यापक शक्ति राजा से लेकर सामान्य व्यक्ति तक सभी पर प्रभाव डालती है।,यह सर्वव्यापी शक्ति राजा से लेकर आम आदमी तक सभी को प्रभावित करती है।,इसकी सर्वव्यापी शक्ति ने राजा से लेकर आम तक सभी को प्रभावित किया.,यह सर्वव्यापी शक्ति राजा से लेकर आम आदमी तक सभी को प्रभावित करती है।,14,9,39.073802494525005
ex_030,A,2.6667,3.0,2.8333,B,1,2.0,2,2,2,noisy_input,yet eighty percent of our goods were taxed through tariffs in central american countries we treat you,फिर भी हमारी वस्तुओं में से अमेरिका के केंद्रीय देशों में अठ्ठीस प्रतिशत करों के माध्यम से कर लगाया गया हम आपका सम्मान करते हैं,फिर भी हमारे माल का 80 प्रतिशत केंद्रीय अमेरिकी देशों में टैरिफ के माध्यम से कर लगाया गया; हम आपका व्यवहार करते हैं.,जबकी हमारे माल के अस्सी प्रतिशत पर केंद्रीय अमेरिकन देशों द्वारा कर लगाया गया। फिर भी हम आपका इलाज करते हैं।,फिर भी हमारी वस्तुओं में से अमेरिका के केंद्रीय देशों में अठ्ठीस प्रतिशत करों के माध्यम से कर लगाया गया हम आपका सम्मान करते हैं,25,17,6.07128396953431
ex_030,B,3.0,3.6667,3.3333,B,2,2.25,2,2,3,noisy_input,yet eighty percent of our goods were taxed through tariffs in central american countries we treat you,फिर भी हमारी वस्तुओं में से अमेरिका के केंद्रीय देशों में अठ्ठीस प्रतिशत करों के माध्यम से कर लगाया गया हम आपका सम्मान करते हैं,फिर भी हमारे माल का 80 प्रतिशत केंद्रीय अमेरिकी देशों में टैरिफ के माध्यम से कर लगाया गया; हम आपका व्यवहार करते हैं.,जबकी हमारे माल के अस्सी प्रतिशत पर केंद्रीय अमेरिकन देशों द्वारा कर लगाया गया। फिर भी हम आपका इलाज करते हैं।,फिर भी हमारे माल का 80 प्रतिशत केंद्रीय अमेरिकी देशों में टैरिफ के माध्यम से कर लगाया गया; हम आपका व्यवहार करते हैं.,23,17,6.802254824715723
ex_031,A,4.3333,4.6667,4.5,A,4,5.0,5,5,5,negation_quantifier,"Singapore is generally an extremely safe place to be and very easy to navigate, and you can buy almost anything after arriving.","सिंगापुर आम तौर पर बहुत सुरक्षित स्थान है और बहुत आसानी से घूमा जा सकता है, और आप वहां पहुंचने के बाद लगभग हर चीज़ खरीद सकते हैं।","सिंगापुर सामान्यतः एक अत्यंत सुरक्षित जगह है और यहाँ नेविगेट करना बहुत आसान है, और आप आने के बाद लगभग सब कुछ खरीद सकते हैं।",आम तौर पर सिंगापुर रहने के लिए काफ़ी सुरक्षित जगह है. आप यहाँ आसानी से नेविगेट कर सकते हैं और यहाँ आने के बाद लगभग हर चीज़ खरीद सकते हैं.,"सिंगापुर आम तौर पर बहुत सुरक्षित स्थान है और बहुत आसानी से घूमा जा सकता है, और आप वहां पहुंचने के बाद लगभग हर चीज़ खरीद सकते हैं।",28,22,25.546144677464135
ex_031,B,3.6667,4.0,3.8333,A,4,4.5,4,5,5,negation_quantifier,"Singapore is generally an extremely safe place to be and very easy to navigate, and you can buy almost anything after arriving.","सिंगापुर आम तौर पर बहुत सुरक्षित स्थान है और बहुत आसानी से घूमा जा सकता है, और आप वहां पहुंचने के बाद लगभग हर चीज़ खरीद सकते हैं।","सिंगापुर सामान्यतः एक अत्यंत सुरक्षित जगह है और यहाँ नेविगेट करना बहुत आसान है, और आप आने के बाद लगभग सब कुछ खरीद सकते हैं।",आम तौर पर सिंगापुर रहने के लिए काफ़ी सुरक्षित जगह है. आप यहाँ आसानी से नेविगेट कर सकते हैं और यहाँ आने के बाद लगभग हर चीज़ खरीद सकते हैं.,"सिंगापुर सामान्यतः एक अत्यंत सुरक्षित जगह है और यहाँ नेविगेट करना बहुत आसान है, और आप आने के बाद लगभग सब कुछ खरीद सकते हैं।",25,22,13.43234755731647
ex_032,A,4.0,2.6667,3.3333,B,1,1.75,2,2,1,negation_quantifier,"People now write messages on computer screens, never having to come close to a sharpener.","अब लोग कंप्यूटर के स्क्रीन पर संदेश लिखते हैं, कभी भी एक नुकीले पतलून के पास आए बिना।","लोग अब कंप्यूटर स्क्रीन पर संदेश लिखते हैं, कभी पेंसिल शार्पनर के पास नहीं जाना पड़ता।","लोग अब कंप्यूटर स्क्रीन पर संदेश लिखते हैं, शार्पनर का उपयोग करने की आवश्यकता नहीं पड़ती।","अब लोग कंप्यूटर के स्क्रीन पर संदेश लिखते हैं, कभी भी एक नुकीले पतलून के पास आए बिना।",18,15,27.60258064653157
ex_032,B,4.0,4.3333,4.1667,B,4,4.5,4,5,5,negation_quantifier,"People now write messages on computer screens, never having to come close to a sharpener.","अब लोग कंप्यूटर के स्क्रीन पर संदेश लिखते हैं, कभी भी एक नुकीले पतलून के पास आए बिना।","लोग अब कंप्यूटर स्क्रीन पर संदेश लिखते हैं, कभी पेंसिल शार्पनर के पास नहीं जाना पड़ता।","लोग अब कंप्यूटर स्क्रीन पर संदेश लिखते हैं, शार्पनर का उपयोग करने की आवश्यकता नहीं पड़ती।","लोग अब कंप्यूटर स्क्रीन पर संदेश लिखते हैं, कभी पेंसिल शार्पनर के पास नहीं जाना पड़ता।",16,15,50.43545474510804
ex_033,A,3.6667,3.6667,3.6667,B,1,1.5,2,1,1,negation_quantifier,Israel demands an ongoing military presence in the valley for ten years once an agreement is signed while the PA agrees to leave such presence only for five years.,ईरान द्वारा किसी समझौते के तहत घाटी में लगातार सैन्य उपस्थिति को दस वर्षों तक बरकरार रखे जाने की मांग की जाती है जबकि पैलेस्टाइन अधिकार परिषद ऐसी उपस्थिति को केवल पांच वर्षों तक छोड़े जाने पर सहमत होती है।,"इज़राइल एक समझौते के हस्ताक्षर के बाद घाटी में दस वर्षों तक निरंतर सैन्य उपस्थिति की मांग करता है, जबकि पीए केवल पाँच वर्षों के लिए ऐसी उपस्थिति छोड़ने पर सहमत है।","किसी समझौते पर हस्ताक्षर होने के बाद इज़राइल, वर्तमान सैन्य स्थिति को अगले दस सालों तक बनाए रखने की मांग करता है, जबकि पीए वर्तमान सैन्य स्थिति को केवल पांच साल तक जारी रखने के लिए सहमत है।",ईरान द्वारा किसी समझौते के तहत घाटी में लगातार सैन्य उपस्थिति को दस वर्षों तक बरकरार रखे जाने की मांग की जाती है जबकि पैलेस्टाइन अधिकार परिषद ऐसी उपस्थिति को केवल पांच वर्षों तक छोड़े जाने पर सहमत होती है।,40,29,6.364996151971677
ex_033,B,4.3333,4.0,4.1667,B,4,4.75,4,5,5,negation_quantifier,Israel demands an ongoing military presence in the valley for ten years once an agreement is signed while the PA agrees to leave such presence only for five years.,ईरान द्वारा किसी समझौते के तहत घाटी में लगातार सैन्य उपस्थिति को दस वर्षों तक बरकरार रखे जाने की मांग की जाती है जबकि पैलेस्टाइन अधिकार परिषद ऐसी उपस्थिति को केवल पांच वर्षों तक छोड़े जाने पर सहमत होती है।,"इज़राइल एक समझौते के हस्ताक्षर के बाद घाटी में दस वर्षों तक निरंतर सैन्य उपस्थिति की मांग करता है, जबकि पीए केवल पाँच वर्षों के लिए ऐसी उपस्थिति छोड़ने पर सहमत है।","किसी समझौते पर हस्ताक्षर होने के बाद इज़राइल, वर्तमान सैन्य स्थिति को अगले दस सालों तक बनाए रखने की मांग करता है, जबकि पीए वर्तमान सैन्य स्थिति को केवल पांच साल तक जारी रखने के लिए सहमत है।","इज़राइल एक समझौते के हस्ताक्षर के बाद घाटी में दस वर्षों तक निरंतर सैन्य उपस्थिति की मांग करता है, जबकि पीए केवल पाँच वर्षों के लिए ऐसी उपस्थिति छोड़ने पर सहमत है।",32,29,20.14712872932804
ex_034,A,4.3333,4.0,4.1667,B,5,5.0,5,5,5,negation_quantifier,"All of the cave entrances, which were named ""The Seven Sisters"", are at least 100 to 250 meters (328 to 820 feet) in diameter.","सभी गुफा प्रवेश द्वार, जिनका नाम ""सात बहनें"" रखा गया था, कम से कम 100 से 250 मीटर (328 से 820 फीट) व्यास के हैं।","सभी गुफा के प्रवेश द्वार, जिन्हें “द सेवन सिस्टर्स” कहा गया था, कम से कम 100 से 250 मीटर (328 से 820 फीट) के व्यास के हैं।","सभी गुफाओं, जिनका नाम “सात बहनें” रखा गया, में घुसने की जगह का डायमीटर कम से कम 100 से 250 मीटर (328 से 820 फ़ीट) है.","सभी गुफा प्रवेश द्वार, जिनका नाम ""सात बहनें"" रखा गया था, कम से कम 100 से 250 मीटर (328 से 820 फीट) व्यास के हैं।",25,24,40.21952994725519
ex_034,B,4.3333,4.3333,4.3333,B,4,4.5,4,5,5,negation_quantifier,"All of the cave entrances, which were named ""The Seven Sisters"", are at least 100 to 250 meters (328 to 820 feet) in diameter.","सभी गुफा प्रवेश द्वार, जिनका नाम ""सात बहनें"" रखा गया था, कम से कम 100 से 250 मीटर (328 से 820 फीट) व्यास के हैं।","सभी गुफा के प्रवेश द्वार, जिन्हें “द सेवन सिस्टर्स” कहा गया था, कम से कम 100 से 250 मीटर (328 से 820 फीट) के व्यास के हैं।","सभी गुफाओं, जिनका नाम “सात बहनें” रखा गया, में घुसने की जगह का डायमीटर कम से कम 100 से 250 मीटर (328 से 820 फ़ीट) है.","सभी गुफा के प्रवेश द्वार, जिन्हें “द सेवन सिस्टर्स” कहा गया था, कम से कम 100 से 250 मीटर (328 से 820 फीट) के व्यास के हैं।",27,24,35.14417682044635
ex_035,A,3.3333,4.0,3.6667,B,4,4.5,4,5,5,negation_quantifier,"In remote locations, without cell phone coverage, a satellite phone may be your only option.","अपने आसपास कोई सेल फोन कवरेज न होने वाले दूरस्थ स्थानों पर, उपग्रह फोन आपका एकमात्र विकल्प हो सकता है।","दूरस्थ स्थानों में, जहाँ सेल फोन कवरेज नहीं है, एक सैटेलाइट फोन आपका एकमात्र विकल्प हो सकता है।","दूरस्थ स्थानों में, सेल फ़ोन कवरेज नहीं होने से, एक सेटेलाइट फ़ोन आपका एकमात्र विकल्प हो सकता है.","अपने आसपास कोई सेल फोन कवरेज न होने वाले दूरस्थ स्थानों पर, उपग्रह फोन आपका एकमात्र विकल्प हो सकता है।",20,15,21.89321973004432
ex_035,B,4.3333,4.3333,4.3333,B,5,5.0,5,5,5,negation_quantifier,"In remote locations, without cell phone coverage, a satellite phone may be your only option.","अपने आसपास कोई सेल फोन कवरेज न होने वाले दूरस्थ स्थानों पर, उपग्रह फोन आपका एकमात्र विकल्प हो सकता है।","दूरस्थ स्थानों में, जहाँ सेल फोन कवरेज नहीं है, एक सैटेलाइट फोन आपका एकमात्र विकल्प हो सकता है।","दूरस्थ स्थानों में, सेल फ़ोन कवरेज नहीं होने से, एक सेटेलाइट फ़ोन आपका एकमात्र विकल्प हो सकता है.","दूरस्थ स्थानों में, जहाँ सेल फोन कवरेज नहीं है, एक सैटेलाइट फोन आपका एकमात्र विकल्प हो सकता है।",18,15,34.55534847724185
ex_036,A,4.0,4.3333,4.1667,Tie,4,5.0,5,5,5,negation_quantifier,"He did not set a figure for the cuts, saying they will be made based on China's economic output.","उन्होंने कटौतियों के लिए कोई आंकड़ा नहीं बताया, कहा कि चीन के आर्थिक उत्पादन के आधार पर ये कटौतियां की जाएंगी।","उसने कटौती के लिए कोई आंकड़ा तय नहीं किया, यह कहते हुए कि वे चीन की आर्थिक उत्पादन के आधार पर की जाएंगी।","यह कहते हुए कि वे चीन के आर्थिक उत्पादन के आधार पर बनाए जाएँगे, उन्होंने कटौती के लिए कोई आँकड़ा निर्धारित नहीं किया.","उन्होंने कटौतियों के लिए कोई आंकड़ा नहीं बताया, कहा कि चीन के आर्थिक उत्पादन के आधार पर ये कटौतियां की जाएंगी।",21,19,30.69226563332742
ex_036,B,4.3333,4.3333,4.3333,Tie,4,4.5,4,5,5,negation_quantifier,"He did not set a figure for the cuts, saying they will be made based on China's economic output.","उन्होंने कटौतियों के लिए कोई आंकड़ा नहीं बताया, कहा कि चीन के आर्थिक उत्पादन के आधार पर ये कटौतियां की जाएंगी।","उसने कटौती के लिए कोई आंकड़ा तय नहीं किया, यह कहते हुए कि वे चीन की आर्थिक उत्पादन के आधार पर की जाएंगी।","यह कहते हुए कि वे चीन के आर्थिक उत्पादन के आधार पर बनाए जाएँगे, उन्होंने कटौती के लिए कोई आँकड़ा निर्धारित नहीं किया.","उसने कटौती के लिए कोई आंकड़ा तय नहीं किया, यह कहते हुए कि वे चीन की आर्थिक उत्पादन के आधार पर की जाएंगी।",23,19,45.2544756868924
ex_037,A,3.3333,4.0,3.6667,B,4,3.5,3,4,4,negation_quantifier,"Like some other experts, he is skeptical about whether diabetes can be cured, noting that these findings have no relevance to people who already have Type 1 diabetes.","कुछ अन्य विशेषज्ञों की तरह, वह इस बात पर संशय करते हैं कि मधुमेह का इलाज हो सकता है, जिसमें उल्लेख है कि ये खोज पहले से ही प्रकार 1 मधुमेह वाले लोगों के लिए कोई प्रासंगिकता नहीं रखते हैं।","कुछ अन्य विशेषज्ञों की तरह, वह यह संदेह करते हैं कि क्या मधुमेह का इलाज संभव है, यह बताते हुए कि ये निष्कर्ष उन लोगों के लिए अप्रासंगिक हैं जिनके पास पहले से टाइप 1 मधुमेह है।","कुछ अन्य विशेषज्ञों की तरह, उन्हें इस बात पर संदेह है कि क्या मधुमेह को ठीक किया जा सकता है, यह देखते हुए कि इन निष्कर्षों की उन लोगों के लिए कोई प्रासंगिकता नहीं है जिन्हें पहले से ही टाइप 1 मधुमेह है.","कुछ अन्य विशेषज्ञों की तरह, वह इस बात पर संशय करते हैं कि मधुमेह का इलाज हो सकता है, जिसमें उल्लेख है कि ये खोज पहले से ही प्रकार 1 मधुमेह वाले लोगों के लिए कोई प्रासंगिकता नहीं रखते हैं।",40,28,30.05344317427495
ex_037,B,4.0,4.0,4.0,B,4,4.5,4,5,5,negation_quantifier,"Like some other experts, he is skeptical about whether diabetes can be cured, noting that these findings have no relevance to people who already have Type 1 diabetes.","कुछ अन्य विशेषज्ञों की तरह, वह इस बात पर संशय करते हैं कि मधुमेह का इलाज हो सकता है, जिसमें उल्लेख है कि ये खोज पहले से ही प्रकार 1 मधुमेह वाले लोगों के लिए कोई प्रासंगिकता नहीं रखते हैं।","कुछ अन्य विशेषज्ञों की तरह, वह यह संदेह करते हैं कि क्या मधुमेह का इलाज संभव है, यह बताते हुए कि ये निष्कर्ष उन लोगों के लिए अप्रासंगिक हैं जिनके पास पहले से टाइप 1 मधुमेह है।","कुछ अन्य विशेषज्ञों की तरह, उन्हें इस बात पर संदेह है कि क्या मधुमेह को ठीक किया जा सकता है, यह देखते हुए कि इन निष्कर्षों की उन लोगों के लिए कोई प्रासंगिकता नहीं है जिन्हें पहले से ही टाइप 1 मधुमेह है.","कुछ अन्य विशेषज्ञों की तरह, वह यह संदेह करते हैं कि क्या मधुमेह का इलाज संभव है, यह बताते हुए कि ये निष्कर्ष उन लोगों के लिए अप्रासंगिक हैं जिनके पास पहले से टाइप 1 मधुमेह है।",37,28,24.17519759960427
ex_038,A,3.3333,3.6667,3.5,B,2,2.25,2,3,2,negation_quantifier,USA Gymnastics supports an independent investigation that may shine light on how abuse of the proportion described so courageously by the survivors of Larry Nassar could have gone undetected for so long and embraces any necessary and appropriate changes.,यूएसए जिम्नास्टिक्स एक स्वतंत्र जांच का समर्थन करता है जो लैरी नासर के शिकार बच्चों द्वारा बहुत साहसपूर्वक वर्णित दुर्भाग्यपूर्ण अपराध के अनुपात के बारे में प्रकाश डाले और इस तरह के दुर्भाग्यपूर्ण अपराध के लंबे समय तक अवलोकित रहने के बारे में जांच करे और आवश्यक और उचित परिवर्तनों का स्वीकरण करता है।,"यूएसए जिम्नास्टिक्स एक स्वतंत्र जांच का समर्थन करता है, जो यह स्पष्ट कर सकती है कि लैरी नासार के जीवित बचे लोगों द्वारा इतनी साहसपूर्वक वर्णित शोषण इतने लंबे समय तक अनदेखा क्यों रहा, और यह आवश्यक तथा उपयुक्त परिवर्तनों को अपनाता है।",यूएसए जिमनास्टिक्स एक स्वतंत्र जाँच का समर्थन करता है जो इस बात पर प्रकाश डाल सकता है कि लैरी नासर के बचे लोगों द्वारा इतनी हिम्मत से बताए गए प्रपोर्शन का दुरुपयोग इतने लंबे समय तक चल सकता था और किसी भी आवश्यक और उचित परिवर्तन को अपना सकता है.,यूएसए जिम्नास्टिक्स एक स्वतंत्र जांच का समर्थन करता है जो लैरी नासर के शिकार बच्चों द्वारा बहुत साहसपूर्वक वर्णित दुर्भाग्यपूर्ण अपराध के अनुपात के बारे में प्रकाश डाले और इस तरह के दुर्भाग्यपूर्ण अपराध के लंबे समय तक अवलोकित रहने के बारे में जांच करे और आवश्यक और उचित परिवर्तनों का स्वीकरण करता है।,54,39,13.985833886985464
ex_038,B,3.6667,3.0,3.3333,B,3,4.5,5,4,4,negation_quantifier,USA Gymnastics supports an independent investigation that may shine light on how abuse of the proportion described so courageously by the survivors of Larry Nassar could have gone undetected for so long and embraces any necessary and appropriate changes.,यूएसए जिम्नास्टिक्स एक स्वतंत्र जांच का समर्थन करता है जो लैरी नासर के शिकार बच्चों द्वारा बहुत साहसपूर्वक वर्णित दुर्भाग्यपूर्ण अपराध के अनुपात के बारे में प्रकाश डाले और इस तरह के दुर्भाग्यपूर्ण अपराध के लंबे समय तक अवलोकित रहने के बारे में जांच करे और आवश्यक और उचित परिवर्तनों का स्वीकरण करता है।,"यूएसए जिम्नास्टिक्स एक स्वतंत्र जांच का समर्थन करता है, जो यह स्पष्ट कर सकती है कि लैरी नासार के जीवित बचे लोगों द्वारा इतनी साहसपूर्वक वर्णित शोषण इतने लंबे समय तक अनदेखा क्यों रहा, और यह आवश्यक तथा उपयुक्त परिवर्तनों को अपनाता है।",यूएसए जिमनास्टिक्स एक स्वतंत्र जाँच का समर्थन करता है जो इस बात पर प्रकाश डाल सकता है कि लैरी नासर के बचे लोगों द्वारा इतनी हिम्मत से बताए गए प्रपोर्शन का दुरुपयोग इतने लंबे समय तक चल सकता था और किसी भी आवश्यक और उचित परिवर्तन को अपना सकता है.,"यूएसए जिम्नास्टिक्स एक स्वतंत्र जांच का समर्थन करता है, जो यह स्पष्ट कर सकती है कि लैरी नासार के जीवित बचे लोगों द्वारा इतनी साहसपूर्वक वर्णित शोषण इतने लंबे समय तक अनदेखा क्यों रहा, और यह आवश्यक तथा उपयुक्त परिवर्तनों को अपनाता है।",43,39,17.560239272285813
ex_039,A,3.0,3.6667,3.3333,B,5,5.0,5,5,5,negation_quantifier,"However, that is not true. Although there is something written on the back of the document, it is not a treasure map.","हालांकि, यह सच नहीं है। यद्यपि दस्तावेज़ के पीछे कुछ लिखा हुआ है, लेकिन यह एक खजाना नक्शा नहीं है।","हालाँकि, वह सही नहीं है। हालांकि दस्तावेज़ के पीछे कुछ लिखा हुआ है, यह एक खजाने का नक्शा नहीं है।","हालाँकि, यह सच नहीं है. हालाँकि दस्तावेज़ के पीछे कुछ लिखा हुआ है, लेकिन यह कोई ख़ज़ाने का नक्शा नहीं है.","हालांकि, यह सच नहीं है। यद्यपि दस्तावेज़ के पीछे कुछ लिखा हुआ है, लेकिन यह एक खजाना नक्शा नहीं है।",20,22,48.412773406823995
ex_039,B,4.0,3.3333,3.6667,B,4,4.75,4,5,5,negation_quantifier,"However, that is not true. Although there is something written on the back of the document, it is not a treasure map.","हालांकि, यह सच नहीं है। यद्यपि दस्तावेज़ के पीछे कुछ लिखा हुआ है, लेकिन यह एक खजाना नक्शा नहीं है।","हालाँकि, वह सही नहीं है। हालांकि दस्तावेज़ के पीछे कुछ लिखा हुआ है, यह एक खजाने का नक्शा नहीं है।","हालाँकि, यह सच नहीं है. हालाँकि दस्तावेज़ के पीछे कुछ लिखा हुआ है, लेकिन यह कोई ख़ज़ाने का नक्शा नहीं है.","हालाँकि, वह सही नहीं है। हालांकि दस्तावेज़ के पीछे कुछ लिखा हुआ है, यह एक खजाने का नक्शा नहीं है।",20,22,37.15862449513401
ex_040,A,3.6667,4.0,3.8333,B,3,3.25,3,4,3,negation_quantifier,"If you're not used to driving on country roads, keep your wits about you: steep grades, narrow lanes, and sharp curves predominate.","यदि आप ग्रामीण सड़कों पर ड्राइव करने के अभ्यास में नहीं हैं, तो अपने आप को ध्यान में रखें: तीव्र ढलान, संकरे मार्ग और तीखे मोड़ अधिकांश हैं।","यदि आप ग्रामीण सड़कों पर ड्राइविंग के आदी नहीं हैं, तो सतर्क रहें: तीव्र ढलान, संकरी लेन और तेज़ मोड़ प्रमुख हैं।","यदि आपको देश की सड़कों पर वाहन चलाने की आदत नहीं है, तो अपने साथ यह जानकारी रखें : स्टीप ग्रेड्‍स, पतली गलियाँ और ख़तरनाक मोड़.","यदि आप ग्रामीण सड़कों पर ड्राइव करने के अभ्यास में नहीं हैं, तो अपने आप को ध्यान में रखें: तीव्र ढलान, संकरे मार्ग और तीखे मोड़ अधिकांश हैं।",28,22,7.346761234551784
ex_040,B,4.3333,4.0,4.1667,B,4,4.75,5,5,4,negation_quantifier,"If you're not used to driving on country roads, keep your wits about you: steep grades, narrow lanes, and sharp curves predominate.","यदि आप ग्रामीण सड़कों पर ड्राइव करने के अभ्यास में नहीं हैं, तो अपने आप को ध्यान में रखें: तीव्र ढलान, संकरे मार्ग और तीखे मोड़ अधिकांश हैं।","यदि आप ग्रामीण सड़कों पर ड्राइविंग के आदी नहीं हैं, तो सतर्क रहें: तीव्र ढलान, संकरी लेन और तेज़ मोड़ प्रमुख हैं।","यदि आपको देश की सड़कों पर वाहन चलाने की आदत नहीं है, तो अपने साथ यह जानकारी रखें : स्टीप ग्रेड्‍स, पतली गलियाँ और ख़तरनाक मोड़.","यदि आप ग्रामीण सड़कों पर ड्राइविंग के आदी नहीं हैं, तो सतर्क रहें: तीव्र ढलान, संकरी लेन और तेज़ मोड़ प्रमुख हैं।",22,22,4.446139354825901
ex_041,A,4.0,4.0,4.0,A,4,4.25,4,5,4,long_complex,"Although pyramid-building in stone continued until the end of the Old Kingdom, the pyramids of Giza were never surpassed in their size and the technical excellence of their construction.","हालांकि पुराने राजवंश के अंत तक पत्थर के पिरामिड बनाए जाते रहे, लेकिन गीजा के पिरामिड की ऊंचाई और उनके निर्माण की तकनीकी शिखरता कभी नहीं पार की गई।","हालांकि पत्थर से पिरामिड निर्माण प्राचीन राज्य के अंत तक जारी रहा, गीज़ा के पिरामिड कभी भी अपने आकार और निर्माण की तकनीकी उत्कृष्टता में पीछे नहीं रहे।","हालाँकि, पुराने साम्राज्य के अंत तक पत्थर से पिरामिड निर्माण जारी रहा, कभी भी गीज़ा के पिरामिड के आकार और उनके निर्माण की तकनीकी उत्कृष्टता को पार नहीं किया जा सका।","हालांकि पुराने राजवंश के अंत तक पत्थर के पिरामिड बनाए जाते रहे, लेकिन गीजा के पिरामिड की ऊंचाई और उनके निर्माण की तकनीकी शिखरता कभी नहीं पार की गई।",29,29,21.660761852515353
ex_041,B,3.6667,4.3333,4.0,A,4,4.0,4,4,4,long_complex,"Although pyramid-building in stone continued until the end of the Old Kingdom, the pyramids of Giza were never surpassed in their size and the technical excellence of their construction.","हालांकि पुराने राजवंश के अंत तक पत्थर के पिरामिड बनाए जाते रहे, लेकिन गीजा के पिरामिड की ऊंचाई और उनके निर्माण की तकनीकी शिखरता कभी नहीं पार की गई।","हालांकि पत्थर से पिरामिड निर्माण प्राचीन राज्य के अंत तक जारी रहा, गीज़ा के पिरामिड कभी भी अपने आकार और निर्माण की तकनीकी उत्कृष्टता में पीछे नहीं रहे।","हालाँकि, पुराने साम्राज्य के अंत तक पत्थर से पिरामिड निर्माण जारी रहा, कभी भी गीज़ा के पिरामिड के आकार और उनके निर्माण की तकनीकी उत्कृष्टता को पार नहीं किया जा सका।","हालांकि पत्थर से पिरामिड निर्माण प्राचीन राज्य के अंत तक जारी रहा, गीज़ा के पिरामिड कभी भी अपने आकार और निर्माण की तकनीकी उत्कृष्टता में पीछे नहीं रहे।",28,29,25.69175166772664
ex_042,A,4.3333,4.3333,4.3333,Tie,4,3.5,3,4,4,long_complex,Ancient China had a unique way of showing different time periods; each stage of China or each family that was in power was a distinctive dynasty.,प्राचीन चीन के समय के अलग-अलग अवधि दिखाने का एक अद्वितीय तरीका था; चीन के प्रत्येक चरण या शक्ति में रहे प्रत्येक परिवार एक विशिष्ट राजवंश था।,प्राचीन चीन में अलग-अलग समयावधियों को दर्शाने का एक अनोखा तरीका था; चीन का हर चरण या सत्ता में रहने वाला हर परिवार एक विशिष्ट राजवंश था।,"प्राचीन चीन में अलग-अलग समय अवधि दिखाने का एक अनूठा तरीका था; चीन का प्रत्येक चरण या प्रत्येक परिवार जो सत्ता में था, एक ख़ास राजवंश था.",प्राचीन चीन के समय के अलग-अलग अवधि दिखाने का एक अद्वितीय तरीका था; चीन के प्रत्येक चरण या शक्ति में रहे प्रत्येक परिवार एक विशिष्ट राजवंश था।,27,26,23.516770258917337
ex_042,B,4.0,4.3333,4.1667,Tie,5,5.0,5,5,5,long_complex,Ancient China had a unique way of showing different time periods; each stage of China or each family that was in power was a distinctive dynasty.,प्राचीन चीन के समय के अलग-अलग अवधि दिखाने का एक अद्वितीय तरीका था; चीन के प्रत्येक चरण या शक्ति में रहे प्रत्येक परिवार एक विशिष्ट राजवंश था।,प्राचीन चीन में अलग-अलग समयावधियों को दर्शाने का एक अनोखा तरीका था; चीन का हर चरण या सत्ता में रहने वाला हर परिवार एक विशिष्ट राजवंश था।,"प्राचीन चीन में अलग-अलग समय अवधि दिखाने का एक अनूठा तरीका था; चीन का प्रत्येक चरण या प्रत्येक परिवार जो सत्ता में था, एक ख़ास राजवंश था.",प्राचीन चीन में अलग-अलग समयावधियों को दर्शाने का एक अनोखा तरीका था; चीन का हर चरण या सत्ता में रहने वाला हर परिवार एक विशिष्ट राजवंश था।,27,26,25.349016762360485
ex_043,A,4.0,4.0,4.0,A,4,3.5,3,4,4,long_complex,"As light pollution in their heyday was not the kind of problem it is today, they are usually located in cities or at campuses, easier to reach than those built in modern times.","अपने चरम तेजी पर उनके समय में प्रकाश प्रदूषण आज जैसी समस्या नहीं थी, इसलिए वे आमतौर पर शहरों या परिसरों में स्थित होते हैं, जो आधुनिक समय में बनाए गए उनकी तुलना में पहुंचने में आसान हैं।","क्योंकि उनके शिखर समय में प्रकाश प्रदूषण आज जैसा समस्या नहीं था, इसलिए वे आम तौर पर शहरों या कैंपसों में स्थित होते हैं, जो आधुनिक समय में निर्मित से पहुँचने में आसान होते हैं।","चूँकि उनकी शुरुआती दिनों में प्रकाश प्रदूषण आज की तरह की समस्या नहीं थी, वे आमतौर पर शहरों में या परिसरों में स्थित हैं, जहाँ आधुनिक समय में निर्मित जगहों की तुलना में पहुँचना आसान होता हैं।","अपने चरम तेजी पर उनके समय में प्रकाश प्रदूषण आज जैसी समस्या नहीं थी, इसलिए वे आमतौर पर शहरों या परिसरों में स्थित होते हैं, जो आधुनिक समय में बनाए गए उनकी तुलना में पहुंचने में आसान हैं।",38,33,29.01810729181888
ex_043,B,3.3333,3.3333,3.3333,A,4,4.0,4,4,4,long_complex,"As light pollution in their heyday was not the kind of problem it is today, they are usually located in cities or at campuses, easier to reach than those built in modern times.","अपने चरम तेजी पर उनके समय में प्रकाश प्रदूषण आज जैसी समस्या नहीं थी, इसलिए वे आमतौर पर शहरों या परिसरों में स्थित होते हैं, जो आधुनिक समय में बनाए गए उनकी तुलना में पहुंचने में आसान हैं।","क्योंकि उनके शिखर समय में प्रकाश प्रदूषण आज जैसा समस्या नहीं था, इसलिए वे आम तौर पर शहरों या कैंपसों में स्थित होते हैं, जो आधुनिक समय में निर्मित से पहुँचने में आसान होते हैं।","चूँकि उनकी शुरुआती दिनों में प्रकाश प्रदूषण आज की तरह की समस्या नहीं थी, वे आमतौर पर शहरों में या परिसरों में स्थित हैं, जहाँ आधुनिक समय में निर्मित जगहों की तुलना में पहुँचना आसान होता हैं।","क्योंकि उनके शिखर समय में प्रकाश प्रदूषण आज जैसा समस्या नहीं था, इसलिए वे आम तौर पर शहरों या कैंपसों में स्थित होते हैं, जो आधुनिक समय में निर्मित से पहुँचने में आसान होते हैं।",35,33,17.29378251379395
ex_044,A,4.0,4.3333,4.1667,B,4,4.5,4,5,5,long_complex,"Historians have criticized past FBI policies for focusing resources on cases which are easy to solve, especially stolen car cases, with the intent of boosting the agency's success rate.","ऐतिहासिकों ने पुरानी एफबीआई नीतियों की आलोचना की है, जिसमें संसाधनों को ऐसे मामलों पर केंद्रित किया गया था जो हल करने में आसान थे, खासकर चोरी की गई कार के मामलों पर, एजेंसी के सफलता दर को बढ़ाने के उद्देश्य से।","इतिहासकारों ने पूर्व एफबीआई नीतियों की आलोचना की है कि वे संसाधनों को उन मामलों पर केंद्रित करते थे जिन्हें हल करना आसान होता है, विशेषकर चोरी हुई कारों के मामलों पर, एजेंसी की सफलता दर बढ़ाने के उद्देश्य से।","इतिहासकारों ने उन मामलों पर संसाधनों को केंद्रित करने के लिए एफबीआई की पिछली नीतियों की आलोचना की है जो एजेंसी की सफलता की दर को बढ़ाने के इरादे से हल करना आसान है,विशेष रूप से कार चोरी के मामलेा।","ऐतिहासिकों ने पुरानी एफबीआई नीतियों की आलोचना की है, जिसमें संसाधनों को ऐसे मामलों पर केंद्रित किया गया था जो हल करने में आसान थे, खासकर चोरी की गई कार के मामलों पर, एजेंसी के सफलता दर को बढ़ाने के उद्देश्य से।",42,29,18.512564665120745
ex_044,B,4.6667,4.3333,4.5,B,4,5.0,5,5,5,long_complex,"Historians have criticized past FBI policies for focusing resources on cases which are easy to solve, especially stolen car cases, with the intent of boosting the agency's success rate.","ऐतिहासिकों ने पुरानी एफबीआई नीतियों की आलोचना की है, जिसमें संसाधनों को ऐसे मामलों पर केंद्रित किया गया था जो हल करने में आसान थे, खासकर चोरी की गई कार के मामलों पर, एजेंसी के सफलता दर को बढ़ाने के उद्देश्य से।","इतिहासकारों ने पूर्व एफबीआई नीतियों की आलोचना की है कि वे संसाधनों को उन मामलों पर केंद्रित करते थे जिन्हें हल करना आसान होता है, विशेषकर चोरी हुई कारों के मामलों पर, एजेंसी की सफलता दर बढ़ाने के उद्देश्य से।","इतिहासकारों ने उन मामलों पर संसाधनों को केंद्रित करने के लिए एफबीआई की पिछली नीतियों की आलोचना की है जो एजेंसी की सफलता की दर को बढ़ाने के इरादे से हल करना आसान है,विशेष रूप से कार चोरी के मामलेा।","इतिहासकारों ने पूर्व एफबीआई नीतियों की आलोचना की है कि वे संसाधनों को उन मामलों पर केंद्रित करते थे जिन्हें हल करना आसान होता है, विशेषकर चोरी हुई कारों के मामलों पर, एजेंसी की सफलता दर बढ़ाने के उद्देश्य से।",40,29,20.271170435109205
ex_045,A,3.6667,4.0,3.8333,B,4,4.0,3,4,5,long_complex,"Late on Sunday, the United States President Donald Trump, in a statement delivered via the press secretary, announced US troops would be leaving Syria.","रविवार के अंत में, यूनाइटेड स्टेट्स के राष्ट्रपति डोनाल्ड ट्रंप, द्वारा प्रेस सचिव के माध्यम से दी गई घोषणा में कहा गया है कि यूएस सैनिक सीरिया छोड़ देंगे।","रविवार को देर से, संयुक्त राज्य अमेरिका के राष्ट्रपति डोनाल्ड ट्रम्प ने प्रेस सचिव के माध्यम से जारी एक बयान में घोषणा की कि अमेरिकी सैनिक सीरिया छोड़ देंगे।","रविवार को देर शाम, यूनाइटेड स्टेट्स के राष्ट्रपति डोनाल्ड ट्रंप ने प्रेस सेक्रेटरी के ज़रिए दिए बयान में बताया कि यूएस सेना सीरिया को छोड़ने वाली है.","रविवार के अंत में, यूनाइटेड स्टेट्स के राष्ट्रपति डोनाल्ड ट्रंप, द्वारा प्रेस सचिव के माध्यम से दी गई घोषणा में कहा गया है कि यूएस सैनिक सीरिया छोड़ देंगे।",29,24,22.963869978965583
ex_045,B,4.3333,4.6667,4.5,B,4,5.0,5,5,5,long_complex,"Late on Sunday, the United States President Donald Trump, in a statement delivered via the press secretary, announced US troops would be leaving Syria.","रविवार के अंत में, यूनाइटेड स्टेट्स के राष्ट्रपति डोनाल्ड ट्रंप, द्वारा प्रेस सचिव के माध्यम से दी गई घोषणा में कहा गया है कि यूएस सैनिक सीरिया छोड़ देंगे।","रविवार को देर से, संयुक्त राज्य अमेरिका के राष्ट्रपति डोनाल्ड ट्रम्प ने प्रेस सचिव के माध्यम से जारी एक बयान में घोषणा की कि अमेरिकी सैनिक सीरिया छोड़ देंगे।","रविवार को देर शाम, यूनाइटेड स्टेट्स के राष्ट्रपति डोनाल्ड ट्रंप ने प्रेस सेक्रेटरी के ज़रिए दिए बयान में बताया कि यूएस सेना सीरिया को छोड़ने वाली है.","रविवार को देर से, संयुक्त राज्य अमेरिका के राष्ट्रपति डोनाल्ड ट्रम्प ने प्रेस सचिव के माध्यम से जारी एक बयान में घोषणा की कि अमेरिकी सैनिक सीरिया छोड़ देंगे।",29,24,10.630643627589146
ex_046,A,3.6667,4.0,3.8333,A,4,5.0,5,5,5,long_complex,"Once the ancient city of Smyrna, it is now a modern, developed, and busy commercial center, set around a huge bay and surrounded by mountains.","प्राचीन शहर समर्ना था, अब यह एक आधुनिक, विकसित और व्यस्त व्यापारिक केंद्र है, जो एक विशाल खाड़ी के चारों ओर बसा है और पर्वतों से घिरा हुआ है।","स्मिरना का प्राचीन शहर एक बार था, अब यह एक आधुनिक, विकसित और व्यस्त वाणिज्यिक केंद्र है, जो एक विशाल खाड़ी के चारों ओर स्थित है और पहाड़ों से घिरा हुआ है।","एक बार का प्राचीन शहर स्मिर्ना, अब एक आधुनिक, विकसित और व्यस्त व्यवस्या का केन्द्र है, यह एक विशाल खाड़ी के साथ स्थित है और पहाड़ों से चारो ओर से घिरा हुआ है।","प्राचीन शहर समर्ना था, अब यह एक आधुनिक, विकसित और व्यस्त व्यापारिक केंद्र है, जो एक विशाल खाड़ी के चारों ओर बसा है और पर्वतों से घिरा हुआ है।",29,25,32.23318809474073
ex_046,B,3.3333,3.6667,3.5,A,4,4.5,4,5,5,long_complex,"Once the ancient city of Smyrna, it is now a modern, developed, and busy commercial center, set around a huge bay and surrounded by mountains.","प्राचीन शहर समर्ना था, अब यह एक आधुनिक, विकसित और व्यस्त व्यापारिक केंद्र है, जो एक विशाल खाड़ी के चारों ओर बसा है और पर्वतों से घिरा हुआ है।","स्मिरना का प्राचीन शहर एक बार था, अब यह एक आधुनिक, विकसित और व्यस्त वाणिज्यिक केंद्र है, जो एक विशाल खाड़ी के चारों ओर स्थित है और पहाड़ों से घिरा हुआ है।","एक बार का प्राचीन शहर स्मिर्ना, अब एक आधुनिक, विकसित और व्यस्त व्यवस्या का केन्द्र है, यह एक विशाल खाड़ी के साथ स्थित है और पहाड़ों से चारो ओर से घिरा हुआ है।","स्मिरना का प्राचीन शहर एक बार था, अब यह एक आधुनिक, विकसित और व्यस्त वाणिज्यिक केंद्र है, जो एक विशाल खाड़ी के चारों ओर स्थित है और पहाड़ों से घिरा हुआ है।",32,25,43.652890999283436
ex_047,A,3.6667,3.6667,3.6667,A,2,2.0,2,2,2,long_complex,"With 17,000 islands to choose from, Indonesian food is an umbrella term covering a vast variety of regional cuisines found across the nation.","17,000 द्वीपों के चयन के साथ, इंडोनेशियाई खाना एक ऐसा समावेशी शब्द है जो राष्ट्र के भरोसे पाए जाने वाले विस्तृत परिसर की क्षेत्रीय खाने को शामिल करता है।","17,000 द्वीपों के बीच चुनने के लिए, इंडोनेशियाई भोजन एक छत्र शब्द है जो पूरे देश में पाई जाने वाली विविध क्षेत्रीय व्यंजनों की एक विस्तृत श्रृंखला को समाहित करता है।","कुल 17,000 द्वीपों में से, इंडोनेशियाई भोजन एक व्यापक शब्द है, जो देश भर में पाए जाने वाले विभिन्न प्रकार के क्षेत्रीय व्यंजनों को अपने भीतर समाहित करता है।","17,000 द्वीपों के चयन के साथ, इंडोनेशियाई खाना एक ऐसा समावेशी शब्द है जो राष्ट्र के भरोसे पाए जाने वाले विस्तृत परिसर की क्षेत्रीय खाने को शामिल करता है।",29,23,8.939712755613764
ex_047,B,3.3333,3.6667,3.5,A,4,4.0,3,4,5,long_complex,"With 17,000 islands to choose from, Indonesian food is an umbrella term covering a vast variety of regional cuisines found across the nation.","17,000 द्वीपों के चयन के साथ, इंडोनेशियाई खाना एक ऐसा समावेशी शब्द है जो राष्ट्र के भरोसे पाए जाने वाले विस्तृत परिसर की क्षेत्रीय खाने को शामिल करता है।","17,000 द्वीपों के बीच चुनने के लिए, इंडोनेशियाई भोजन एक छत्र शब्द है जो पूरे देश में पाई जाने वाली विविध क्षेत्रीय व्यंजनों की एक विस्तृत श्रृंखला को समाहित करता है।","कुल 17,000 द्वीपों में से, इंडोनेशियाई भोजन एक व्यापक शब्द है, जो देश भर में पाए जाने वाले विभिन्न प्रकार के क्षेत्रीय व्यंजनों को अपने भीतर समाहित करता है।","17,000 द्वीपों के बीच चुनने के लिए, इंडोनेशियाई भोजन एक छत्र शब्द है जो पूरे देश में पाई जाने वाली विविध क्षेत्रीय व्यंजनों की एक विस्तृत श्रृंखला को समाहित करता है।",31,23,15.161196602055684
ex_048,A,4.0,4.0,4.0,B,3,3.5,3,4,4,long_complex,To the north and within easy reach is the romantic and fascinating town of Sintra and which was made famous to foreigners after a glowing account of its splendours recorded by Lord Byron.,उत्तर में और आसानी से पहुंचे में सिंत्रा का रोमांटिक और आकर्षक शहर है जिसे विदेशियों के लिए लॉर्ड बायरन द्वारा उसके शानदार वर्णन के कारण प्रसिद्ध कर दिया गया।,"उत्तरी दिशा में और आसानी से पहुँचने योग्य दूरी पर स्थित है रोमांटिक और आकर्षक शहर सिन्ट्रा, जिसे लार्ड बायरन द्वारा उसके वैभव के एक चमकदार वर्णन के बाद विदेशियों के बीच प्रसिद्ध किया गया।",उत्तर की ओर और पास ही में सिंट्रा का रोमांटिक और आकर्षक शहर है और जिसे लॉर्ड बायरन द्वारा दर्ज किए गए अपने शानदार कारनामो के बाद विदेशियों के लिए प्रसिद्ध किया गया था।,उत्तर में और आसानी से पहुंचे में सिंत्रा का रोमांटिक और आकर्षक शहर है जिसे विदेशियों के लिए लॉर्ड बायरन द्वारा उसके शानदार वर्णन के कारण प्रसिद्ध कर दिया गया।,30,33,22.890272400242008
ex_048,B,4.0,4.0,4.0,B,4,4.25,4,4,5,long_complex,To the north and within easy reach is the romantic and fascinating town of Sintra and which was made famous to foreigners after a glowing account of its splendours recorded by Lord Byron.,उत्तर में और आसानी से पहुंचे में सिंत्रा का रोमांटिक और आकर्षक शहर है जिसे विदेशियों के लिए लॉर्ड बायरन द्वारा उसके शानदार वर्णन के कारण प्रसिद्ध कर दिया गया।,"उत्तरी दिशा में और आसानी से पहुँचने योग्य दूरी पर स्थित है रोमांटिक और आकर्षक शहर सिन्ट्रा, जिसे लार्ड बायरन द्वारा उसके वैभव के एक चमकदार वर्णन के बाद विदेशियों के बीच प्रसिद्ध किया गया।",उत्तर की ओर और पास ही में सिंट्रा का रोमांटिक और आकर्षक शहर है और जिसे लॉर्ड बायरन द्वारा दर्ज किए गए अपने शानदार कारनामो के बाद विदेशियों के लिए प्रसिद्ध किया गया था।,"उत्तरी दिशा में और आसानी से पहुँचने योग्य दूरी पर स्थित है रोमांटिक और आकर्षक शहर सिन्ट्रा, जिसे लार्ड बायरन द्वारा उसके वैभव के एक चमकदार वर्णन के बाद विदेशियों के बीच प्रसिद्ध किया गया।",35,33,16.405298564986907
ex_049,A,3.0,3.6667,3.3333,B,3,3.75,3,4,5,long_complex,"Europe is a continent that is relatively small but with many independent countries. Under normal circumstances, travelling through multiple countries would mean having to go through visa applications and passport control multiple times.","यूरोप एक ऐसा महाद्वीप है जो आपेक्षिक रूप से छोटा है लेकिन बहुत से स्वतंत्र देशों के साथ। सामान्य परिस्थितियों में, कई देशों में यात्रा करना वीजा आवेदनों और पासपोर्ट नियंत्रण के कई बार जाने का मतलब होता है।","यूरोप एक ऐसा महाद्वीप है जो अपेक्षाकृत छोटा है, परंतु इसमें कई स्वतंत्र देश हैं। सामान्य परिस्थितियों में, कई देशों के बीच यात्रा करने का मतलब कई बार वीज़ा आवेदन और पासपोर्ट नियंत्रण से गुजरना होगा।",यूरोप एक ऐसा महाद्वीप है जो अपेक्षाकृत छोटा है लेकिन इसमें कई स्वतंत्र देश हैं. सामान्य परिस्थिति में कई देशों की यात्रा करने का मतलब कई बार वीज़ा आवेदन और पासपोर्ट कंट्रोल की प्रक्रिया से गुज़रना है.,"यूरोप एक ऐसा महाद्वीप है जो आपेक्षिक रूप से छोटा है लेकिन बहुत से स्वतंत्र देशों के साथ। सामान्य परिस्थितियों में, कई देशों में यात्रा करना वीजा आवेदनों और पासपोर्ट नियंत्रण के कई बार जाने का मतलब होता है।",39,33,20.16968782493489
ex_049,B,4.0,4.3333,4.1667,B,5,4.75,4,5,5,long_complex,"Europe is a continent that is relatively small but with many independent countries. Under normal circumstances, travelling through multiple countries would mean having to go through visa applications and passport control multiple times.","यूरोप एक ऐसा महाद्वीप है जो आपेक्षिक रूप से छोटा है लेकिन बहुत से स्वतंत्र देशों के साथ। सामान्य परिस्थितियों में, कई देशों में यात्रा करना वीजा आवेदनों और पासपोर्ट नियंत्रण के कई बार जाने का मतलब होता है।","यूरोप एक ऐसा महाद्वीप है जो अपेक्षाकृत छोटा है, परंतु इसमें कई स्वतंत्र देश हैं। सामान्य परिस्थितियों में, कई देशों के बीच यात्रा करने का मतलब कई बार वीज़ा आवेदन और पासपोर्ट नियंत्रण से गुजरना होगा।",यूरोप एक ऐसा महाद्वीप है जो अपेक्षाकृत छोटा है लेकिन इसमें कई स्वतंत्र देश हैं. सामान्य परिस्थिति में कई देशों की यात्रा करने का मतलब कई बार वीज़ा आवेदन और पासपोर्ट कंट्रोल की प्रक्रिया से गुज़रना है.,"यूरोप एक ऐसा महाद्वीप है जो अपेक्षाकृत छोटा है, परंतु इसमें कई स्वतंत्र देश हैं। सामान्य परिस्थितियों में, कई देशों के बीच यात्रा करने का मतलब कई बार वीज़ा आवेदन और पासपोर्ट नियंत्रण से गुजरना होगा।",36,33,51.6381651523442
ex_050,A,4.0,4.3333,4.1667,A,4,4.0,4,5,3,long_complex,"The other nominations include Best Picture, Director, Cinematography, Costume Design, Film-editing, Original Score, Production Design, Sound Editing, Sound Mixing and Original Screenplay.","अन्य नामांकनों में सर्वश्रेष्ठ चित्र, निर्देशक, चित्रकला, पोशाक डिज़ाइन, फिल्म संपादन, मूल स्कोर, उत्पादन डिज़ाइन, ध्वनि संपादन, ध्वनि मिश्रण और मूल पटकथा शामिल हैं।","अन्य नामांकन में सर्वश्रेष्ठ फ़िल्म, निर्देशक, सिनेमैटोग्राफी, कॉस्ट्यूम डिजाइन, फ़िल्म संपादन, मूल स्कोर, प्रोडक्शन डिजाइन, साउंड संपादन, साउंड मिक्सिंग और मूल पटकथा शामिल हैं।","अन्य नामांकनों में बेस्ट पिक्चर, डायरेक्टर, सिनेमेटोग्राफ़ी, कॉस्ट्यूम डिज़ाइन, फ़िल्म-संपादन, मूल स्कोर, प्रोडक्शन डिज़ाइन, ध्वनि संपादन, ध्वनि मिश्रण और ओरिजनल स्क्रीनप्ले शामिल हैं.","अन्य नामांकनों में सर्वश्रेष्ठ चित्र, निर्देशक, चित्रकला, पोशाक डिज़ाइन, फिल्म संपादन, मूल स्कोर, उत्पादन डिज़ाइन, ध्वनि संपादन, ध्वनि मिश्रण और मूल पटकथा शामिल हैं।",24,22,36.15192026985418
ex_050,B,3.6667,4.0,3.8333,A,5,4.75,5,5,4,long_complex,"The other nominations include Best Picture, Director, Cinematography, Costume Design, Film-editing, Original Score, Production Design, Sound Editing, Sound Mixing and Original Screenplay.","अन्य नामांकनों में सर्वश्रेष्ठ चित्र, निर्देशक, चित्रकला, पोशाक डिज़ाइन, फिल्म संपादन, मूल स्कोर, उत्पादन डिज़ाइन, ध्वनि संपादन, ध्वनि मिश्रण और मूल पटकथा शामिल हैं।","अन्य नामांकन में सर्वश्रेष्ठ फ़िल्म, निर्देशक, सिनेमैटोग्राफी, कॉस्ट्यूम डिजाइन, फ़िल्म संपादन, मूल स्कोर, प्रोडक्शन डिजाइन, साउंड संपादन, साउंड मिक्सिंग और मूल पटकथा शामिल हैं।","अन्य नामांकनों में बेस्ट पिक्चर, डायरेक्टर, सिनेमेटोग्राफ़ी, कॉस्ट्यूम डिज़ाइन, फ़िल्म-संपादन, मूल स्कोर, प्रोडक्शन डिज़ाइन, ध्वनि संपादन, ध्वनि मिश्रण और ओरिजनल स्क्रीनप्ले शामिल हैं.","अन्य नामांकन में सर्वश्रेष्ठ फ़िल्म, निर्देशक, सिनेमैटोग्राफी, कॉस्ट्यूम डिजाइन, फ़िल्म संपादन, मूल स्कोर, प्रोडक्शन डिजाइन, साउंड संपादन, साउंड मिक्सिंग और मूल पटकथा शामिल हैं।",24,22,16.318495811623947
